NACE Rev. 2.1 – Vollbaum · Framework v7 · Supplier-centric · Kunden-Perspektive;;;;;;;;;;;;;;;;
Alle Klassen = Anbieter · C2+C3 = Perspektive der Kunden dieser Anbieter · C5=K.O. (kein Scoring-Kriterium mehr);;;;;;;;;;;;;;;;
Blau = vom Nutzer aenderbar · Score-Formel in Spalte M · K.O.-Flag in Spalte P;;;;;;;;;;;;;;;;
Abschn.;Abt.;Gruppe;Klasse;Bezeichnung (EN);"Aktivitaet
(Kurzform DE)";"C1
Projekt-
spez.
(1-3)";"C2
Markt-
transp.
(1-3)";"C3
Kunden-
profil
(1-3)";"C4
Supplier
Fragm.
(1-3)";"C6
Markt-
groesse
(1-3)";"C7
Kein
Matching
(1-3)";"Score
/10";Ampel;Empfehlung;"K.O.-
Flag";Hinweis / Kunden-Perspektive
ABSCHNITT A – Agriculture, Forestry and Fishing;;;;;;;;;;;;;;;;
;Abt. 01;;;;;;;;;;;;;;;
A;01;01.1;01.11;Growing of cereals (exc. rice), leguminous crops, oil seeds;;1;1;1;2;1;2;4,3;MID;Pruefen;;Getreide: Kunden sind professionelle Lebensmittelkonzerne mit PSL | Getreide: Precision-Farming-Systeme, Saatgut-Entwicklung – kleines B2B-Projektvolumen
A;01;01.1;01.12;Growing of rice;;1;1;1;2;1;2;4,3;MID;Pruefen;;Reisanbau: aehnlich Getreide – sehr nische in EU
A;01;01.1;01.13;Growing of vegetables, melons, roots and tubers;;2;1;1;2;1;2;5,2;MID;Pruefen;;Gemuese: Gewaechshaus-Engineering, Bewaesserungssysteme – Einzel-Projekte
A;01;01.1;01.14;Growing of sugar cane;;0;0;0;0;0;0;0,0;---;---;;Kein EU-Markt
A;01;01.1;01.15;Growing of tobacco;;1;1;1;1;1;2;3,8;LO;Niedrig;;Tabak: auslaufend, kaum Projektnachfrage
A;01;01.1;01.16;Growing of fibre crops;;2;2;2;3;1;2;6,9;MID;Prio 2 GUT;;Technische Fasern: Kunden sind Textil-/Composites-Hersteller, gelegentlich | Naturfasern (Hanf, Flachs): wachsende Nachfrage fuer Composites – Spezialentwicklung
A;01;01.1;01.19;Growing of other non-perennial crops;;1;1;1;2;1;2;4,3;MID;Pruefen;;Sonderkulturen: Engineering-Projekte fuer Automatisierung moeglich
A;01;01.2;01.21;Growing of grapes;;2;2;2;2;1;2;6,4;MID;Prio 2 GUT;;Wein: Kunden sind Händler/Importeure, teils professionell | Weinbau: Kellerei-Engineering, Praezisionslandwirtschaft – Projekte
A;01;01.2;01.22;Growing of tropical and subtropical fruits;;1;1;1;2;1;2;4,3;MID;Pruefen;;Tropenfruechte: kaum EU-Markt
A;01;01.2;01.23;Growing of citrus fruits;;1;1;1;2;1;2;4,3;MID;Pruefen;;Zitrusfruechte: Suedeuropa – Bewaesserungsprojekte
A;01;01.2;01.24;Growing of pome fruits and stone fruits;;1;2;2;2;1;2;5,6;MID;Pruefen;;Obstbau: Automatisierungsprojekte moeglich
A;01;01.2;01.25;Growing of other tree and bush fruits and nuts;;1;2;2;2;1;2;5,6;MID;Pruefen;;Beerenobst/Nuesse: Spezialerntetechnik
A;01;01.2;01.26;Growing of oleaginous fruits;;1;1;1;2;1;2;4,3;MID;Pruefen;;Oelpflanzen: Olivenanbau-Engineering
A;01;01.2;01.27;Growing of beverage crops;;2;2;2;2;1;2;6,4;MID;Prio 2 GUT;;Tee/Kaffee EU-Anbau: sehr nische
A;01;01.2;01.28;Growing of spices, aromatic, drug and pharmaceutical crops;;2;3;3;3;1;2;8,1;HI;Prio 1 TOP;;Med-Cannabis/Heilpflanzen: Kunden sind Pharma/Biotech, Einmal-Projekte | Pharma-Pflanzen (Hanf/Heilpflanzen): Anbauoptimierung, GMP-Anforderungen – echtes Projektgeschaeft
A;01;01.2;01.29;Growing of other perennial crops;;1;1;1;2;1;2;4,3;MID;Pruefen;;Sonstige Dauerkulturen
A;01;01.3;01.30;Plant propagation;;2;2;2;3;1;2;6,9;MID;Prio 2 GUT;;Pflanzenvermehrung: Kunden sind Gärtnereien/Agrar, gelegentlich | Pflanzenvermehrung: Biotech-Entwicklungsprojekte (In-vitro, Gewebekultur)
A;01;01.4;01.41;Raising of dairy cattle;;1;2;2;2;1;2;5,6;MID;Pruefen;;Milchvieh: Kunden sind Molkereien, professionell aber regional | Milchvieh: Stallbau-Projekte, Melkanlagen-Installation
A;01;01.4;01.42;Raising of other cattle and buffaloes;;1;1;1;2;1;2;4,3;MID;Pruefen;;Rinderhaltung: Stallbau, Futteranlagen
A;01;01.4;01.43;Raising of horses and other equines;;1;2;2;2;1;2;5,6;MID;Pruefen;;Pferdehaltung: Stallanlagen
A;01;01.4;01.44;Raising of camels and camelids;;0;0;0;0;0;0;0,0;---;---;;Kein EU-Markt
A;01;01.4;01.45;Raising of sheep and goats;;1;1;1;2;1;2;4,3;MID;Pruefen;;Schaf/Ziegen: Stallbau
A;01;01.4;01.46;Raising of swine/pigs;;2;2;2;2;1;2;6,4;MID;Prio 2 GUT;;Schweinehaltung: Stallbau-Projekte, Lueftungsanlagen – Engineering-Nachfrage
A;01;01.4;01.47;Raising of poultry;;2;2;2;2;2;2;6,7;MID;Prio 2 GUT;;Gefluegelhaltung: Stallbau, Klimatisierung, Futtermanagementsysteme – groesseres Volumen
A;01;01.4;01.49;Raising of other animals;;1;3;3;2;1;2;6,8;MID;Prio 2 GUT;;Insektenzucht/Aquakultur: neue Kunden ohne Erfahrung | Sonstige Tierhaltung: Aquakultur-Anlagen
A;01;01.5;01.50;Mixed farming;;1;1;1;2;1;2;4,3;MID;Pruefen;;Gemischte Landwirtschaft
A;01;01.6;01.61;Support activities for crop production;;2;3;3;3;1;2;8,1;HI;Prio 1 TOP;;Lohndienstleister fuer Ernte: Kunden sind Landwirte, fragmentiert, Einmal-Buyer | Agrar-Dienstleister: Praezisionslandwirtschaft, Drohnen, Bodenanalyse – B2B-Projekte
A;01;01.6;01.62;Support activities for animal production;;1;2;2;2;1;2;5,6;MID;Pruefen;;Tier-Dienstleistungen: Stallbau-Consulting
A;01;01.6;01.63;Post-harvest crop activities;;2;2;2;2;1;2;6,4;MID;Prio 2 GUT;;Nachernte: Lageranlage-Projekte, Kuehlhaeuser
A;01;01.6;01.64;Seed processing for propagation;;2;3;3;3;1;2;8,1;HI;Prio 1 TOP;;Saatgut: Kunden sind F&E-Abteilungen | Saatgutverarbeitung: Anlagenprojekte fuer Sortierung/Behandlung
A;01;01.7;01.70;Hunting, trapping and related service activities;;0;0;0;0;0;0;0,0;---;---;;Kein relevanter B2B-Projektmarkt
;Abt. 02;;;;;;;;;;;;;;;
A;02;02.1;02.10;Silviculture and other forestry activities;;1;2;2;2;1;2;5,6;MID;Pruefen;;Forstwirtschaft: Forstmaschinen-Wartung, GPS-Systeme
A;02;02.2;02.20;Logging;;1;2;2;2;1;2;5,6;MID;Pruefen;;Holzeinschlag: Maschinen-Engineering
A;02;02.3;02.30;Gathering of wild growing non-wood products;;0;0;0;0;0;0;0,0;---;---;;Kein B2B-Projektmarkt
A;02;02.4;02.40;Support services to forestry;;1;2;2;2;1;2;5,6;MID;Pruefen;;Forst-Dienstleistungen
;Abt. 03;;;;;;;;;;;;;;;
A;03;03.1;03.11;Marine fishing;;2;1;1;2;1;2;5,2;MID;Pruefen;;Seefischerei: Schiffstechnik-Projekte, Ortungssysteme
A;03;03.1;03.12;Freshwater fishing;;1;1;1;2;1;2;4,3;MID;Pruefen;;Suesswasserfischerei
A;03;03.2;03.21;Marine aquaculture;;2;3;3;3;2;2;8,4;HI;Prio 1 TOP;;Meeresaquakultur: Kunden sind neue Betreiber ohne Erfahrung | Meeresaquakultur: Anlagenbau, RAS-Systeme – wachsender Markt, Buyer ohne Netzwerk
A;03;03.2;03.22;Freshwater aquaculture;;2;3;3;3;1;2;8,1;HI;Prio 1 TOP;;Suessw.Aquakultur: Kunden oft Einmal-Investor | Suesswasseraquakultur: Kreislaufanlagen (RAS) – Spezialengineering
ABSCHNITT B – Mining and Quarrying;;;;;;;;;;;;;;;;
;Abt. 05;;;;;;;;;;;;;;;
B;05;05.1;05.10;Mining of hard coal;;1;2;2;1;1;2;5,1;MID;Pruefen;WARNUNG;Kohle: Rueckbau-Projekte, Kunden sind Bergbaugesellschaften | WARNUNG: Teils öffentlich – nur privaten Anteil betrachten | Kohle: auslaufend – sehr wenige Projekte
;Abt. 06;;;;;;;;;;;;;;;
B;06;06.1;06.10;Extraction of crude petroleum;;2;1;1;1;2;2;4,9;MID;Pruefen;WARNUNG;WARNUNG: Teils öffentlich – nur privaten Anteil betrachten | Oelfoerderung: PSL dominiert, reife Industrie – wenig Potenzial
B;06;06.2;06.20;Extraction of natural gas;;2;1;1;1;2;2;4,9;MID;Pruefen;WARNUNG;WARNUNG: Teils öffentlich – nur privaten Anteil betrachten | Gasfoerderung: aehnlich Oel
;Abt. 07;;;;;;;;;;;;;;;
B;07;07.1;07.10;Mining of iron ores;;2;2;2;2;1;2;6,4;MID;Prio 2 GUT;WARNUNG;WARNUNG: Teils öffentlich – nur privaten Anteil betrachten | Eisenerz: Engineering-Projekte, aber PSL vorhanden
B;07;07.2;07.21;Mining of uranium and thorium ores;;3;2;2;2;1;2;7,2;HI;Prio 2 GUT;WARNUNG;WARNUNG: Teils öffentlich – nur privaten Anteil betrachten | Uran: Nuclear Revival – sehr reguliert, kleiner Markt
B;07;07.2;07.29;Mining of other non-ferrous metal ores;;3;3;3;3;2;3;9,7;HI;Prio 1 TOP;WARNUNG;CRM Mining: Kunden sind neue Projektgesellschaften ohne Erfahrung | WARNUNG: Teils öffentlich – nur privaten Anteil betrachten | Lithium/Kobalt/Nickel: CRM Act EU – neue Bergbauprojekte, Buyer ohne Netzwerk
;Abt. 08;;;;;;;;;;;;;;;
B;08;08.1;08.11;Quarrying of ornamental and building stone, limestone, gypsum, chalk, slate;;1;2;2;2;1;2;5,6;MID;Pruefen;;Steinbruch-Engineering
B;08;08.1;08.12;"Operation of gravel and sand pits; mining of clays and kaolin";;1;2;2;2;1;2;5,6;MID;Pruefen;;Kies/Sand-Anlagen
B;08;08.9;08.91;Mining of chemical and fertiliser minerals;;2;2;2;2;1;2;6,4;MID;Prio 2 GUT;WARNUNG;WARNUNG: Teils öffentlich – nur privaten Anteil betrachten | Chemikalien-Bergbau
B;08;08.9;08.92;Extraction of peat;;1;2;2;2;1;2;5,6;MID;Pruefen;;Torf: auslaufend, Renaturierungsprojekte
B;08;08.9;08.93;Extraction of salt;;1;2;2;2;1;2;5,6;MID;Pruefen;;Salzgewinnung: Anlagen-Engineering
B;08;08.9;08.99;Other mining and quarrying n.e.c.;;2;3;3;3;2;2;8,4;HI;Prio 1 TOP;;Geothermie/Neue Mineralien: Kunden oft ohne Mining-Erfahrung | Geothermie, Mineralien: Wachstumsnische
;Abt. 09;;;;;;;;;;;;;;;
B;09;09.1;09.10;Support activities for petroleum and natural gas extraction;;2;1;1;1;2;2;4,9;MID;Pruefen;WARNUNG;Oil & Gas Services: Kunden sind professionelle Konzerne mit PSL | WARNUNG: Teils öffentlich – nur privaten Anteil betrachten | Oelfeld-Services: PSL dominiert
B;09;09.9;09.90;Support activities for other mining and quarrying;;3;3;3;3;2;3;9,7;HI;Prio 1 TOP;;Mining Engineering Services: Kunden sind neue Bergbauprojekte ohne Netzwerk | Mining Engineering Services: CRM Act schafft neue Projekte, fragmentiert
ABSCHNITT C – Manufacturing;;;;;;;;;;;;;;;;
;Abt. 10;;;;;;;;;;;;;;;
C;10;10.1;10.11;Processing and preserving of meat;;2;1;1;2;2;2;5,4;MID;Pruefen;;Fleischverarbeitung: Kunden sind LEH-Ketten, professionell | Fleischverarbeitung: Anlagenbau, HACCP-Systeme
C;10;10.1;10.12;Processing and preserving of poultry meat;;2;1;1;2;2;2;5,4;MID;Pruefen;;Gefluegel: Schlachthof-Engineering
C;10;10.1;10.13;Production of meat and poultry meat products;;2;1;1;2;2;2;5,4;MID;Pruefen;;Fleischprodukte: Verpackungsanlagen
C;10;10.2;10.20;Processing and preserving of fish, crustaceans and molluscs;;2;1;1;3;1;2;5,7;MID;Pruefen;;Fischverarbeitung: Spezialbau, Kaehlketten
C;10;10.3;10.31;Processing and preserving of potatoes;;2;1;1;2;1;2;5,2;MID;Pruefen;;Kartoffelverarbeitung
C;10;10.3;10.32;Manufacture of fruit and vegetable juice;;2;1;1;3;2;2;5,9;MID;Pruefen;;Saftproduktion: Abfuellanlagen
C;10;10.3;10.39;Other processing and preserving of fruit and vegetables;;2;1;1;3;2;2;5,9;MID;Pruefen;;Obstverarbeitung
C;10;10.4;10.41;Manufacture of oils and fats;;2;1;1;3;1;2;5,7;MID;Pruefen;;Oelmuehlen: spezialisiertes Engineering
C;10;10.4;10.42;Manufacture of margarine and similar edible fats;;2;1;1;2;1;2;5,2;MID;Pruefen;;Margarineproduktion
C;10;10.5;10.51;Operation of dairies and cheese making;;3;2;2;3;2;3;8,5;HI;Prio 1 TOP;;"Molkerei: Kunden sind Haendler/LEH, professionell; aber Neueinsteiger im Kaese-Premium-Segment | Molkerei: GMP-aehnlich, Einmal-Buyer, fragmentierte Supplier"
C;10;10.5;10.52;Manufacture of ice cream;;2;1;1;2;1;2;5,2;MID;Pruefen;;Eisproduktion: Kaehleanlagen
C;10;10.6;10.61;Manufacture of grain mill products;;2;1;1;2;1;2;5,2;MID;Pruefen;;Muehlen-Engineering
C;10;10.6;10.62;Manufacture of starches and starch products;;2;1;1;3;1;2;5,7;MID;Pruefen;;Staerkeproduktion: Prozessengineering
C;10;10.7;10.71;"Manufacture of bread; fresh pastry goods and cakes";;1;1;1;2;1;2;4,3;MID;Pruefen;;Baeckerei: Anlagenprojekte moeglich
C;10;10.7;10.72;"Manufacture of rusks, biscuits; preserved pastry goods";;2;1;1;2;1;2;5,2;MID;Pruefen;;Keksproduktion: Abfuellanlagen
C;10;10.7;10.73;Manufacture of macaroni, noodles, couscous;;2;1;1;2;1;2;5,2;MID;Pruefen;;Nudelproduktion
C;10;10.8;10.81;Manufacture of sugar;;3;1;1;2;2;2;6,3;MID;Prio 2 GUT;;Zucker: Kunden sind Lebensmittelkonzerne, professionell | Zuckerfabrik: komplexes Engineering
C;10;10.8;10.82;Manufacture of cocoa, chocolate and sugar confectionery;;2;2;2;3;2;2;7,2;HI;Prio 2 GUT;;Schokolade: Kunden auch KMU-Konfiserie, gelegentlich | Schokolade: Spezialanlagen, Einmal-Buyer
C;10;10.8;10.83;Processing of tea and coffee;;2;1;1;3;1;2;5,7;MID;Pruefen;;Kaffeeroesterei: Anlagenprojekte
C;10;10.8;10.84;Manufacture of condiments and seasonings;;2;1;1;2;1;2;5,2;MID;Pruefen;;Wuerzmittel
C;10;10.8;10.85;Manufacture of prepared meals and dishes;;2;2;2;3;2;2;7,2;HI;Prio 2 GUT;;Convenience Food: Kunden teils neue Handelsmarken | Convenience Food: stark wachsend
C;10;10.8;10.86;Manufacture of homogenised food preparations and dietetic food;;3;2;2;3;2;2;8,0;HI;Prio 1 TOP;;Diaetnahrung: Kunden teils Pharma/Medizin, gelegentlich | Functional Food: GMP-nah, Wachstum
C;10;10.8;10.89;Manufacture of other food products n.e.c.;;2;1;1;3;2;2;5,9;MID;Pruefen;;Sonstige Lebensmittel
C;10;10.9;10.91;Manufacture of prepared feeds for farm animals;;2;1;1;2;2;2;5,4;MID;Pruefen;;Tierfutter: Anlagenplanung
C;10;10.9;10.92;Manufacture of prepared pet food;;2;2;2;3;2;2;7,2;HI;Prio 2 GUT;;Pet Food: Kunden teils neue Marken | Pet Food: wachsend, neue Werke
;Abt. 11;;;;;;;;;;;;;;;
C;11;11.0;11.01;Distilling, rectifying and blending of spirits;;2;2;2;3;2;2;7,2;HI;Prio 2 GUT;;Spirituosen: Kunden sind Haendler/Importeure, teils Einzel-Gastronomie | Destillerie: Premiumsegment waechst
C;11;11.0;11.02;Manufacture of wine from grape;;2;2;2;3;2;2;7,2;HI;Prio 2 GUT;;Wein: Kunden sind Importeure/Haendler | Weinkellerei: Engineering-Projekte
C;11;11.0;11.03;Manufacture of cider and other fermented fruit beverages;;2;2;2;2;1;2;6,4;MID;Prio 2 GUT;;Cider: kleinere Projekte
C;11;11.0;11.04;Manufacture of other non-distilled fermented beverages;;2;2;2;2;1;2;6,4;MID;Prio 2 GUT;;Fermentierte Getraenke: wachsend
C;11;11.0;11.05;Manufacture of beer;;3;2;2;3;2;2;8,0;HI;Prio 1 TOP;;Bier: Kunden sind Haendler/Gastro, teils Craft-Direktkunden | Brauerei: Craft Beer treibt Anlagen
C;11;11.0;11.06;Manufacture of malt;;2;1;1;2;1;2;5,2;MID;Pruefen;;Maelzerei: Prozessengineering
C;11;11.0;11.07;"Manufacture of soft drinks; mineral waters and other bottled waters";;2;1;1;3;2;2;5,9;MID;Pruefen;;Softdrinks: Abfuellanlagen
;Abt. 12;;;;;;;;;;;;;;;
C;12;12.0;12.00;Manufacture of tobacco products;;2;1;1;1;1;2;4,7;MID;Pruefen;;Tabak: auslaufend, kaum neue Projekte
;Abt. 13;;;;;;;;;;;;;;;
C;13;13.1;13.10;Preparation and spinning of textile fibres;;3;3;3;3;2;3;9,7;HI;Prio 1 TOP;;"Technische Fasern: Kunden sind Composites-/Aerospace-Hersteller, selten, fragmentierter Supplier-Markt | Hochleistungsfasern (Carbon, Aramid): Spinnanlage-Engineering; Lohnspinnen für technische Textilien"
C;13;13.2;13.20;Weaving of textiles;;3;3;3;3;2;3;9,7;HI;Prio 1 TOP;;"Technische Weberei: Kunden sind Industrieunternehmen ohne Weberei-Netzwerk | Technische Weberei (3D-Gewebe, Composites): Spezialwebmaschinen-Projekte; Lohnweberei Kleinserie"
C;13;13.3;13.30;Finishing of textiles;;3;3;3;3;2;3;9,7;HI;Prio 1 TOP;;"Textilveredlung: Kunden sind Hersteller technischer Textilien, selten | Technische Textilveredlung (Beschichtung, Funktionalisierung): Lohnveredelung; REACH-Compliance"
C;13;13.9;13.91;Manufacture of knitted and crocheted fabrics;;2;2;2;2;1;2;6,4;MID;Prio 2 GUT;;Strickwaren-Lohnfertigung
C;13;13.9;13.92;Manufacture of made-up textile articles, except apparel;;2;3;3;3;2;2;8,4;HI;Prio 1 TOP;;Technische Konfektion: Kunden sind Industrie/Medtech | Technische Konfektion: Kleinserie-Lohnfertigung
C;13;13.9;13.93;Manufacture of carpets and rugs;;1;2;2;2;1;2;5,6;MID;Pruefen;;Teppich-Engineering fuer Spezialanwendungen
C;13;13.9;13.94;Manufacture of cordage, rope, twine and netting;;2;2;2;3;1;2;6,9;MID;Prio 2 GUT;;Technische Seile: Spezialfertigung
C;13;13.9;13.95;Manufacture of non-wovens and articles from non-wovens, exc. apparel;;3;3;3;3;2;2;9,2;HI;Prio 1 TOP;;Vliesstoffe: Kunden sind Medtech/Hygiene, speziell | Vliesstoff fuer Medtech/Filtration: Lohnfertigung
C;13;13.9;13.96;Manufacture of other technical and industrial textiles;;3;3;3;3;2;2;9,2;HI;Prio 1 TOP;;Technische Textilien: Kunden sind Aerospace/Automotive, selten | Technische Textilien: Engineering + Kleinserie
C;13;13.9;13.99;Manufacture of other textiles n.e.c.;;2;2;2;2;1;2;6,4;MID;Prio 2 GUT;;
;Abt. 14;;;;;;;;;;;;;;;
C;14;14.1;14.11;Manufacture of leather clothes;;1;2;2;2;1;2;5,6;MID;Pruefen;;Schutzkleidung: Kleinserie
C;14;14.1;14.12;Manufacture of workwear;;2;2;2;2;2;2;6,7;MID;Prio 2 GUT;;Arbeitskleidung: Kunden sind Unternehmen, B2B-Beschaffung | Berufsbekleidung: B2B-Lohnfertigung
C;14;14.1;14.13;Manufacture of other outerwear;;1;1;1;2;1;2;4,3;MID;Pruefen;;
C;14;14.1;14.14;Manufacture of underwear;;1;1;1;2;1;2;4,3;MID;Pruefen;;
C;14;14.1;14.19;Manufacture of other wearing apparel and accessories n.e.c.;;2;2;2;2;1;2;6,4;MID;Prio 2 GUT;;PSA: B2B-Kunden | Schutzausruestung PSA: B2B-Kleinserie
C;14;14.2;14.20;Manufacture of articles of fur;;0;0;0;0;0;0;0,0;---;---;;EU-Markt sehr klein
C;14;14.3;14.31;Manufacture of knitted and crocheted hosiery;;1;1;1;2;1;2;4,3;MID;Pruefen;;
C;14;14.3;14.39;Manufacture of other knitted and crocheted apparel;;2;2;2;2;1;2;6,4;MID;Prio 2 GUT;;Kompressionsstrümpfe: Medizin-B2B
;Abt. 15;;;;;;;;;;;;;;;
C;15;15.1;15.11;"Tanning and dressing of leather; dressing and dyeing of fur";;2;2;2;2;1;2;6,4;MID;Prio 2 GUT;;Gerberei: Prozessoptimierung, REACH-Compliance – kleine Projekte
C;15;15.1;15.12;"Manufacture of luggage, handbags; saddlery and harness";;1;2;2;2;1;2;5,6;MID;Pruefen;;Lederwaren: Spezialentwicklung fuer techn. Anwendungen
C;15;15.2;15.20;Manufacture of footwear;;1;2;2;2;1;2;5,6;MID;Pruefen;;Schuhe: Materialentwicklung
;Abt. 16;;;;;;;;;;;;;;;
C;16;16.1;16.10;Sawmilling and planing of wood;;1;2;2;2;1;2;5,6;MID;Pruefen;;Saegewerk: Kunden sind Holzverarbeiter, professionell | Saegerei: Maschinenoptimierung
C;16;16.2;16.21;Manufacture of veneer sheets and wood-based panels;;2;1;1;2;1;2;5,2;MID;Pruefen;;Spanplatten: Anlagen-Engineering
C;16;16.2;16.22;Manufacture of assembled parquet floors;;1;1;1;2;1;2;4,3;MID;Pruefen;;Parkett: geringe Relevanz
C;16;16.2;16.23;Manufacture of other builders' carpentry and joinery;;1;2;2;2;1;2;5,6;MID;Pruefen;;Holzbau-Elemente
C;16;16.2;16.24;Manufacture of wooden containers;;1;1;1;2;1;2;4,3;MID;Pruefen;;Holzverpackung
C;16;16.2;16.25;"Manufacture of other products of wood; cork, straw and plaiting";;1;1;1;2;1;2;4,3;MID;Pruefen;;Holzprodukte
C;16;16.2;16.26;Manufacture of solid fuels from vegetable biomass;;2;3;3;3;1;2;8,1;HI;Prio 1 TOP;;Biomasse-Pellets: Kunden sind Energieversorger/Kommunen, Einmal-Beschaffung | Biomasse-Pellets: Energiewende treibt neue Anlagen – Einmal-Buyer
C;16;16.2;16.27;Finishing of wooden products;;1;2;2;2;1;2;5,6;MID;Pruefen;;Holzveredelung: Oberflaechen-Engineering
C;16;16.2;16.28;Manufacture of other products of wood and articles of cork;;1;1;1;2;1;2;4,3;MID;Pruefen;;Sonstige Holzprodukte
;Abt. 17;;;;;;;;;;;;;;;
C;17;17.1;17.11;Manufacture of pulp;;3;1;1;2;2;2;6,3;MID;Prio 2 GUT;;Zellstoff: komplexes Prozessengineering
C;17;17.1;17.12;Manufacture of paper and paperboard;;3;1;1;2;2;2;6,3;MID;Prio 2 GUT;;Papierfabrik: Engineering-Projekte
C;17;17.2;17.21;Manufacture of corrugated paper and paperboard containers;;2;1;1;2;2;2;5,4;MID;Pruefen;;Wellpappe: Anlagen-Engineering
C;17;17.2;17.22;Manufacture of household and sanitary goods and toilet requisites;;2;1;1;2;1;2;5,2;MID;Pruefen;;Hygieneprodukte: Fertigungsanlagen
C;17;17.2;17.23;Manufacture of paper stationery;;1;1;1;2;1;2;4,3;MID;Pruefen;;Papierprodukte: geringe Relevanz
C;17;17.2;17.24;Manufacture of wallpaper;;1;1;1;2;1;2;4,3;MID;Pruefen;;Tapeten: geringe Relevanz
C;17;17.2;17.29;Manufacture of other articles of paper and paperboard;;1;2;2;2;1;2;5,6;MID;Pruefen;;Papierprodukte sonstige
;Abt. 18;;;;;;;;;;;;;;;
C;18;18.1;18.11;Printing of newspapers;;1;1;1;1;1;2;3,8;LO;Niedrig;;Zeitungsdruck: auslaufend
C;18;18.1;18.12;Other printing;;2;2;2;2;1;2;6,4;MID;Prio 2 GUT;;Spezial-Druck: Kunden sind Markenartikel, teils Einmal | Spezialdrucke: Verpackungsdruck, Sicherheitsdruck – Entwicklungsprojekte
C;18;18.1;18.13;Pre-press and pre-media services;;2;2;2;2;1;2;6,4;MID;Prio 2 GUT;;Pre-Press Dienstleister: Projektgeschaeft moeglich
C;18;18.2;18.20;Reproduction of recorded media;;1;1;1;1;1;2;3,8;LO;Niedrig;;Datentraeger: auslaufend
;Abt. 19;;;;;;;;;;;;;;;
C;19;19.1;19.10;Manufacture of coke oven products;;2;1;1;1;1;2;4,7;MID;Pruefen;;Koks: auslaufend
C;19;19.2;19.20;Manufacture of refined petroleum products;;3;1;1;1;2;2;5,8;MID;Pruefen;;Raffinerie: Engineering-Projekte, aber PSL stark
;Abt. 20;;;;;;;;;;;;;;;
C;20;20.1;20.11;Manufacture of industrial gases;;2;2;2;2;2;2;6,7;MID;Prio 2 GUT;;Industriegase: Kunden sind Industrie, professionell aber Neukunden bei H2 | Industriegase: Anlagen-Engineering – Wasserstoff-Boost
C;20;20.1;20.12;Manufacture of dyes and pigments;;2;1;1;3;2;2;5,9;MID;Pruefen;;Farben/Pigmente: Spezialentwicklung fuer Kunden – ECHTES Projektgeschaeft (B2B-Entwicklung)
C;20;20.1;20.13;Manufacture of other inorganic basic chemicals;;3;2;2;2;2;2;7,5;HI;Prio 2 GUT;;Anorganische Chemie: Anlagenengineering
C;20;20.1;20.14;Manufacture of other organic basic chemicals;;3;2;2;3;2;3;8,5;HI;Prio 1 TOP;;Organische Chemie: Kunden teils Einzel-Projektauftrag | Organische Chemie: Spezialentwicklung fuer Kunden
C;20;20.1;20.15;Manufacture of fertilisers and nitrogen compounds;;3;1;1;2;2;2;6,3;MID;Prio 2 GUT;;Duenger: Anlagen-Engineering
C;20;20.1;20.16;Manufacture of plastics in primary forms;;3;1;1;2;2;2;6,3;MID;Prio 2 GUT;;Kunststoffe Basis: Prozessengineering
C;20;20.1;20.17;Manufacture of synthetic rubber in primary forms;;2;1;1;2;1;2;5,2;MID;Pruefen;;Synthesekautschuk
C;20;20.2;20.20;Manufacture of pesticides and other agrochemical products;;2;2;2;2;1;2;6,4;MID;Prio 2 GUT;;Pestizide: Anlagen
C;20;20.3;20.30;"Manufacture of paints, varnishes; printing ink and mastics";;2;1;1;2;2;2;5,4;MID;Pruefen;;Farben/Lacke: Kundenspezifische Entwicklung – echtes B2B-Projektgeschaeft
C;20;20.4;20.41;Manufacture of soap and detergents, cleaning and polishing preparations;;2;1;1;2;2;2;5,4;MID;Pruefen;;Reinigungsmittel: Rezepturentwicklung fuer Industrie-Kunden
C;20;20.4;20.42;Manufacture of perfumes and toilet preparations;;2;2;2;3;2;2;7,2;HI;Prio 2 GUT;;Kosmetik-Lohnproduktion: Kunden sind neue Marken, gelegentlich | Kosmetik: Auftragsformulierung – ECHTES B2B-Entwicklungsprojekt fuer Marken
C;20;20.5;20.51;Manufacture of explosives;;3;1;1;2;1;2;6,0;MID;Prio 2 GUT;WARNUNG;WARNUNG: Teils öffentlich – nur privaten Anteil betrachten | Sprengstoff: hoch reguliert, kleine Projekte
C;20;20.5;20.52;Manufacture of glues;;2;2;2;3;1;2;6,9;MID;Prio 2 GUT;;Klebstoffe: Kundenspezifische Entwicklung – B2B-Projekt
C;20;20.5;20.53;Manufacture of essential oils;;2;3;3;3;1;2;8,1;HI;Prio 1 TOP;;Aetherische Oele: Kunden sind Nischen-Hersteller | Atherische Oele: Spezialentwicklung
C;20;20.5;20.59;Manufacture of other chemical products n.e.c.;;2;3;3;3;2;2;8,4;HI;Prio 1 TOP;;Spezialchemie-Lohnproduktion: Kunden haben selten Erfahrung | Spezialchemie: Kundenentwicklung – starkes B2B-Projektgeschaeft
C;20;20.6;20.60;Manufacture of man-made fibres;;3;1;1;2;2;2;6,3;MID;Prio 2 GUT;;Chemiefasern: Neuentwicklungen fuer Composites/Medizin – Projektgeschaeft
;Abt. 21;;;;;;;;;;;;;;;
C;21;21.1;21.10;Manufacture of basic pharmaceutical products;;3;1;1;3;3;3;7,5;HI;Prio 2 GUT;;KORREKTUR: Kunden von API-Herstellern sind professionelle Pharmakonzerne mit PSL – kein haystacked-Markt auf Kundenseite | KERN: Pharma-API – GMP-Facility, Biotech-Entwicklung
C;21;21.2;21.20;Manufacture of pharmaceutical preparations;;3;1;1;3;3;3;7,5;HI;Prio 2 GUT;;KORREKTUR: Kunden von Arzneimittelherstellern sind professionelle Grosshaendler/Apotheken mit PSL – kein haystacked-Markt | KERN: Arzneimittel-Herstellung – GMP, CDMO-Boom
;Abt. 22;;;;;;;;;;;;;;;
C;22;22.1;22.11;"Manufacture of rubber tyres and tubes; retreading";;2;1;1;2;2;2;5,4;MID;Pruefen;;Reifen: Spezialentwicklung fuer Industrie/Agrar
C;22;22.1;22.19;Manufacture of other rubber products;;2;2;2;3;2;2;7,2;HI;Prio 2 GUT;;Gummi-Lohnfertigung: Kunden teils Einzel-Projekt | Gummi-Spezialteile: Kundenprojekte fuer Dichtungen, Daempfungselemente
C;22;22.2;22.21;Manufacture of plastic plates, sheets, tubes and profiles;;2;1;1;2;2;2;5,4;MID;Pruefen;;Kunststoff-Halbzeuge: Spezialentwicklung
C;22;22.2;22.22;Manufacture of plastic packing goods;;2;1;1;2;2;2;5,4;MID;Pruefen;;Kunststoffverpackung: Spezialloesungen
C;22;22.2;22.23;Manufacture of builders' ware of plastic;;1;1;1;2;1;2;4,3;MID;Pruefen;;Kunststoff-Bauteile
C;22;22.2;22.29;Manufacture of other plastic products;;2;2;2;3;2;2;7,2;HI;Prio 2 GUT;;Kunststoff-Lohnfertigung: Kunden teils Einzel-Projekt | Kunststoff-Spezialteile: Kundenprojekte
;Abt. 23;;;;;;;;;;;;;;;
C;23;23.1;23.11;Manufacture of flat glass;;2;1;1;2;2;2;5,4;MID;Pruefen;;Flachglas: Spezialentwicklung fuer Bau/Auto
C;23;23.1;23.12;Shaping and processing of flat glass;;2;2;2;2;2;2;6,7;MID;Prio 2 GUT;;Glasbearbeitung: Kunden teils Einzel-Projekt | Glasbearbeitung: Spezialanfertigungen
C;23;23.1;23.13;Manufacture of hollow glass;;2;1;1;2;2;2;5,4;MID;Pruefen;;Hohlglas: Spezialflaschen-Entwicklung
C;23;23.1;23.14;Manufacture of glass fibres;;2;2;2;2;2;2;6,7;MID;Prio 2 GUT;;Glasfaser: Composites-Wachstum
C;23;23.1;23.19;Manufacture and processing of other glass, incl. technical glassware;;2;3;3;3;2;2;8,4;HI;Prio 1 TOP;;Technisches Glas: Kunden sind Labortechnik/Optik, selten | Technisches Glas: Labor/Medtech/Optik – Entwicklungsprojekte
C;23;23.2;23.20;Manufacture of refractory products;;2;2;2;2;1;2;6,4;MID;Prio 2 GUT;;Feuerfest-Produkte: Spezialanfertigungen
C;23;23.3;23.31;Manufacture of ceramic tiles and flags;;1;1;1;2;1;2;4,3;MID;Pruefen;;Keramikfliesen: wenig Projektgeschaeft
C;23;23.3;23.32;Manufacture of bricks, tiles and construction products, in baked clay;;2;2;2;2;1;2;6,4;MID;Prio 2 GUT;;Ziegel: Anlagen-Engineering
C;23;23.4;23.41;Manufacture of ceramic household and ornamental articles;;1;1;1;1;1;2;3,8;LO;Niedrig;;Haushaltskeramik: kaum B2B-Projekt
C;23;23.4;23.42;Manufacture of ceramic sanitary fixtures;;1;1;1;2;1;2;4,3;MID;Pruefen;;Sanitaerkeramik: Anlagen
C;23;23.4;23.43;Manufacture of ceramic insulators and insulating fittings;;2;2;2;2;1;2;6,4;MID;Prio 2 GUT;;Keramik-Isolatoren: Spezialanfertigungen
C;23;23.4;23.44;Manufacture of other technical ceramic products;;3;3;3;3;2;3;9,7;HI;Prio 1 TOP;;Technische Keramik: Kunden sind Medtech/Halbleiter, sehr speziell | Technische Keramik: Medtech/Halbleiter/Energie – Entwicklungsprojekte
C;23;23.4;23.49;Manufacture of other ceramic products;;1;1;1;2;1;2;4,3;MID;Pruefen;;Sonstige Keramik
C;23;23.5;23.51;Manufacture of cement;;2;1;1;2;2;2;5,4;MID;Pruefen;;Zement: Anlagen-Engineering, CO2-Reduktion
C;23;23.5;23.52;Manufacture of lime and plaster;;1;1;1;2;1;2;4,3;MID;Pruefen;;Kalk/Gips
C;23;23.6;23.61;Manufacture of concrete products for construction purposes;;2;1;1;2;2;2;5,4;MID;Pruefen;;Betonfertigteile: Produktentwicklung fuer Spezialanwendungen
C;23;23.6;23.62;Manufacture of plaster products for construction purposes;;1;1;1;2;1;2;4,3;MID;Pruefen;;Gipsprodukte
C;23;23.6;23.63;Manufacture of ready-mixed concrete;;1;1;1;2;1;2;4,3;MID;Pruefen;;Transportbeton
C;23;23.6;23.64;Manufacture of mortars;;1;1;1;2;1;2;4,3;MID;Pruefen;;Moertel
C;23;23.6;23.65;Manufacture of fibre cement;;2;1;1;2;1;2;5,2;MID;Pruefen;;Faserzement
C;23;23.6;23.69;Manufacture of other articles of concrete, plaster and cement;;2;1;1;2;1;2;5,2;MID;Pruefen;;Betonprodukte
C;23;23.7;23.70;Cutting, shaping and finishing of stone;;1;2;2;2;1;2;5,6;MID;Pruefen;;Steinbearbeitung
C;23;23.9;23.91;Production of abrasive products;;2;1;1;2;1;2;5,2;MID;Pruefen;;Schleifmittel: Spezialentwicklung
C;23;23.9;23.99;Manufacture of other non-metallic mineral products n.e.c.;;2;2;2;2;1;2;6,4;MID;Prio 2 GUT;;Sonstige Mineralprodukte
;Abt. 24;;;;;;;;;;;;;;;
C;24;24.1;24.10;Manufacture of basic iron and steel and of ferro-alloys;;3;1;1;2;2;2;6,3;MID;Prio 2 GUT;;Stahl: Kunden sind Industrie, professionell | Stahl: Engineering-Projekte, Retrofit
C;24;24.2;24.20;Manufacture of tubes, pipes, hollow profiles, of steel;;2;1;1;2;2;2;5,4;MID;Pruefen;;Stahlrohre: Spezialanfertigungen
C;24;24.3;24.31;Cold drawing of bars;;2;1;1;2;1;2;5,2;MID;Pruefen;;Kaltziehen: Anlagen-Engineering
C;24;24.3;24.32;Cold rolling of narrow strip;;2;1;1;2;1;2;5,2;MID;Pruefen;;Kaltwalzen
C;24;24.3;24.33;Cold forming or folding;;2;2;2;2;1;2;6,4;MID;Prio 2 GUT;;Kaltumformung: Kunden teils Einzel-Projekt | Kaltumformen
C;24;24.3;24.34;Cold drawing of wire;;2;1;1;2;1;2;5,2;MID;Pruefen;;Drahtziehen
C;24;24.4;24.41;Precious metals production;;2;1;1;2;1;2;5,2;MID;Pruefen;;Edelmetalle: Speziallegierungen
C;24;24.4;24.42;Aluminium production;;3;2;2;2;2;2;7,5;HI;Prio 2 GUT;;Aluminium-Huette: komplex
C;24;24.4;24.43;Lead, zinc and tin production;;2;1;1;2;1;2;5,2;MID;Pruefen;;Buntmetalle
C;24;24.4;24.44;Copper production;;2;1;1;2;1;2;5,2;MID;Pruefen;;Kupfer
C;24;24.4;24.45;Other non-ferrous metal production;;3;2;2;3;2;2;8,0;HI;Prio 1 TOP;;NE-Metalle fuer EV: Kunden sind Batteriehersteller, wachsend | NE-Metalle fuer Batterien/EV: waechst
C;24;24.5;24.51;Casting of iron;;2;2;2;2;2;2;6,7;MID;Prio 2 GUT;;Eisenguss-Lohnfertigung: Kunden gelegentlich | Eisengiessen: Spezialteile
C;24;24.5;24.52;Casting of steel;;2;2;2;2;2;2;6,7;MID;Prio 2 GUT;;Stahlgiessen
C;24;24.5;24.53;Casting of light metals;;3;2;2;3;2;2;8,0;HI;Prio 1 TOP;;Aluguss: Kunden teils Einzel-Auftrag | Aluguss-Lohnfertigung: EV-Leichtbau
C;24;24.5;24.54;Casting of other non-ferrous metals;;2;2;2;2;2;2;6,7;MID;Prio 2 GUT;;NE-Metallgiessen
;Abt. 25;;;;;;;;;;;;;;;
C;25;25.1;25.11;Manufacture of metal structures and parts of structures;;2;2;2;2;2;2;6,7;MID;Prio 2 GUT;;Stahlbau: Kunden sind Industrie/Bau, gelegentlich | Stahlbau: Engineering fuer Industriehallen
C;25;25.1;25.12;Manufacture of doors and windows of metal;;1;1;1;2;1;2;4,3;MID;Pruefen;;Metallfenster
C;25;25.2;25.21;Manufacture of central heating radiators and boilers;;2;2;2;2;2;2;6,7;MID;Prio 2 GUT;;Heizungsanlagen
C;25;25.2;25.29;Manufacture of other tanks, reservoirs and containers of metal;;3;3;3;3;2;2;9,2;HI;Prio 1 TOP;;Druckbehaelter: Kunden sind Chemie/Pharma, selten | Druckbehaelter-Lohnfertigung: Chemie, Pharma
C;25;25.3;25.30;Manufacture of steam generators, exc. central heating hot water boilers;;3;2;2;2;2;2;7,5;HI;Prio 2 GUT;;Dampferzeugung: Prozessindustrie
C;25;25.4;25.40;Manufacture of weapons and ammunition;;3;2;2;2;2;2;7,5;HI;Prio 2 GUT;WARNUNG;WARNUNG: Teils öffentlich – nur privaten Anteil betrachten | Defence Manufacturing: EU-Aufruestung, teils oeffentlich
C;25;25.5;25.50;"Forging, pressing, stamping and roll-forming of metal; powder metallurgy";;3;3;3;3;2;2;9,2;HI;Prio 1 TOP;;Schmieden: Kunden sind Aerospace/Automotive/Energie, speziell | Schmiede-Lohnfertigung: hochspezialisiert
C;25;25.6;25.61;Treatment and coating of metals;;3;3;3;3;2;2;9,2;HI;Prio 1 TOP;;Oberflaechenbehandlung: Kunden suchen aktiv, fragmentierter Markt | Galvanik, Beschichtung, Waermebehandlung: Lohndienstleistung
C;25;25.6;25.62;Machining;;3;3;3;3;3;2;9,5;HI;Prio 1 TOP;;"CNC-Lohnfertigung: Kunden (KMU-Entwickler) finden Anbieter schwer – aber Plattformen exist. | Supplier = CNC-Lohnfertiger (Zerspanung als Dienstleistung); NICHT Herstellung von CNC-Maschinen | CNC-Lohnfertigung: KERN-SUPPLIER - sehr fragmentiert"
C;25;25.7;25.71;Manufacture of cutlery;;1;1;1;1;1;2;3,8;LO;Niedrig;;Besteck: kaum Projektgeschaeft
C;25;25.7;25.72;Manufacture of locks and hinges;;1;1;1;2;1;2;4,3;MID;Pruefen;;Schloesser: Spezialentwicklung fuer Industrie
C;25;25.7;25.73;Manufacture of tools;;2;2;2;2;2;2;6,7;MID;Prio 2 GUT;;Werkzeugbau: Kunden teils Einzel-Auftrag | Werkzeugbau: Sonderwerkzeuge fuer Kunden
C;25;25.9;25.91;Manufacture of steel drums and similar containers;;2;1;1;2;1;2;5,2;MID;Pruefen;;Metallbehaelter
C;25;25.9;25.92;Manufacture of light metal packaging;;2;1;1;2;2;2;5,4;MID;Pruefen;;Metallverpackung
C;25;25.9;25.93;Manufacture of wire products, chain and springs;;1;2;2;2;1;2;5,6;MID;Pruefen;;Drahtprodukte
C;25;25.9;25.94;Manufacture of fasteners and screw machine products;;1;1;1;2;1;2;4,3;MID;Pruefen;;Verbindungselemente
C;25;25.9;25.99;Manufacture of other fabricated metal products n.e.c.;;2;2;2;2;2;2;6,7;MID;Prio 2 GUT;;Metallprodukte sonstige
;Abt. 26;;;;;;;;;;;;;;;
C;26;26.1;26.11;Manufacture of electronic components;;3;1;1;2;3;2;6,5;MID;Prio 2 GUT;;Halbleiter: Kunden sind Elektronikkonzerne, professionell | Halbleiter-Fertigung: EU Chips Act – Fab-Engineering komplex
C;26;26.1;26.12;Manufacture of loaded electronic boards;;3;2;2;3;3;2;8,3;HI;Prio 1 TOP;;"EMS: Kunden sind Elektronikentwickler, teils Einzel-Projekt | Supplier = EMS-Lohnbestücker (Elektronikfertigung als Dienstleistung); NICHT Hersteller von Bestueckungsmaschinen | EMS Lohnbestueckung - grosser fragmentierter Markt"
C;26;26.2;26.20;Manufacture of computers and peripheral equipment;;2;1;1;2;2;2;5,4;MID;Pruefen;;Computer: Spezialloesungen
C;26;26.3;26.30;Manufacture of communication equipment;;2;1;1;2;2;2;5,4;MID;Pruefen;;Kommunikationsgerate
C;26;26.4;26.40;Manufacture of consumer electronics;;2;1;1;1;2;2;4,9;MID;Pruefen;;Unterhaltungselektronik: wenig EU-Fertigung
C;26;26.5;26.51;Manufacture of instruments and appliances for measuring, testing, navigation;;2;2;2;3;2;2;7,2;HI;Prio 2 GUT;;Messtechnik: Kunden teils Einzel-Projekt | Messtechnik: Spezialentwicklung fuer Kunden
C;26;26.5;26.52;Manufacture of watches and clocks;;1;2;2;1;1;2;5,1;MID;Pruefen;;Uhren: kaum B2B-Projekt
C;26;26.6;26.60;Manufacture of irradiation, electromedical and electrotherapeutic equipment;;3;2;2;3;2;3;8,5;HI;Prio 1 TOP;;Elektromed.Geraete: Kunden sind Medizineinrichtungen | Medizintechnik: GMP-Fertigungslinien, MDR-getrieben
C;26;26.7;26.70;Manufacture of optical instruments and photographic equipment;;2;2;2;3;2;2;7,2;HI;Prio 2 GUT;;Optik: Kunden teils Einzel-Auftrag | Optik: Spezialentwicklung
C;26;26.8;26.80;Manufacture of magnetic and optical media;;1;1;1;1;1;2;3,8;LO;Niedrig;;Datentrieger: Nischenmarkt
;Abt. 27;;;;;;;;;;;;;;;
C;27;27.1;27.11;Manufacture of electric motors, generators and transformers;;2;1;1;2;2;2;5,4;MID;Pruefen;;Elektromotoren: Sonderentwicklung
C;27;27.1;27.12;Manufacture of electricity distribution and control apparatus;;2;1;1;2;2;2;5,4;MID;Pruefen;;Schaltanlagen: Grid-Komponenten
C;27;27.2;27.20;Manufacture of batteries and accumulators;;3;1;1;2;3;2;6,5;MID;Prio 2 GUT;;Batterien: Kunden sind EV-Hersteller, professionell | Gigafactory-Engineering: sehr komplex, waechst stark
C;27;27.3;27.31;Manufacture of fibre optic cables;;2;1;1;2;2;2;5,4;MID;Pruefen;;Glasfaserkabel
C;27;27.3;27.32;Manufacture of other electronic and electric wires and cables;;2;1;1;2;2;2;5,4;MID;Pruefen;;Kabel: Spezialanfertigungen
C;27;27.3;27.33;Manufacture of wiring devices;;1;1;1;2;1;2;4,3;MID;Pruefen;;Installationsmaterial
C;27;27.4;27.40;Manufacture of electric lighting equipment;;2;1;1;2;1;2;5,2;MID;Pruefen;;Beleuchtung: Spezialentwicklung
C;27;27.5;27.51;Manufacture of electric domestic appliances;;1;1;1;1;2;2;4,1;MID;Pruefen;;Haushaltsgeraete: PSL, kaum Projektgeschaeft
C;27;27.5;27.52;Manufacture of non-electric domestic appliances;;1;1;1;1;1;2;3,8;LO;Niedrig;;Nicht-el. Haushaltsgeraete
C;27;27.9;27.90;Manufacture of other electrical equipment;;2;1;1;2;2;2;5,4;MID;Pruefen;;Sonstige Elektrotechnik
;Abt. 28;;;;;;;;;;;;;;;
C;28;28.1;28.11;Manufacture of engines and turbines, exc. aircraft, vehicle and cycle engines;;2;2;2;2;2;2;6,7;MID;Prio 2 GUT;;Turbinen: Energiesektor
C;28;28.1;28.12;Manufacture of fluid power equipment;;2;2;2;2;2;2;6,7;MID;Prio 2 GUT;;Fluidtechnik
C;28;28.1;28.13;Manufacture of other pumps and compressors;;2;2;2;2;2;2;6,7;MID;Prio 2 GUT;;Pumpen/Kompressoren
C;28;28.1;28.14;Manufacture of other taps and valves;;2;2;2;2;2;2;6,7;MID;Prio 2 GUT;;Armaturen: Spezialanfertigungen
C;28;28.1;28.15;Manufacture of bearings, gears, gearing and driving elements;;2;2;2;2;2;2;6,7;MID;Prio 2 GUT;;Getriebe/Lager
C;28;28.2;28.21;Manufacture of ovens, furnaces and furnace burners;;2;2;2;2;2;2;6,7;MID;Prio 2 GUT;;Industrieofen: Engineering
C;28;28.2;28.22;Manufacture of lifting and handling equipment;;2;2;2;2;2;2;6,7;MID;Prio 2 GUT;;Buyer = Fördertechnik-Hersteller schreibt Engineering aus | Hebetechnik: Intralogistik
C;28;28.2;28.23;Manufacture of office machinery and equipment (exc. computers);;1;1;1;1;1;2;3,8;LO;Niedrig;;Bueromatik: kaum relevant
C;28;28.2;28.24;Manufacture of power-driven hand tools;;1;1;1;1;1;2;3,8;LO;Niedrig;;Handwerkzeuge: Spezialentwicklung moeglich
C;28;28.2;28.25;Manufacture of non-domestic cooling and ventilation equipment;;2;2;2;2;2;2;6,7;MID;Prio 2 GUT;;HVAC-Industrie
C;28;28.2;28.29;Manufacture of other general-purpose machinery n.e.c.;;2;2;2;2;2;2;6,7;MID;Prio 2 GUT;;Allgemeine Maschinen
C;28;28.3;28.30;Manufacture of agricultural and forestry machinery;;2;2;2;2;2;2;6,7;MID;Prio 2 GUT;;Agrarmaschinen: Praezisionslandwirtschaft
C;28;28.4;28.41;Manufacture of metal forming machinery;;2;2;2;2;2;2;6,7;MID;Prio 2 GUT;;Buyer = Maschinenhersteller schreibt Engineering-Projekte aus (nicht: Herstellung der Maschinen selbst) | Umformmaschinen
C;28;28.4;28.49;Manufacture of other machine tools;;3;2;2;3;2;2;8,0;HI;Prio 1 TOP;;"Buyer = Werkzeugmaschinenhersteller schreibt Engineering aus; 25.62 ist die eigentliche Lohnfertigung | Werkzeugmaschinen: Retrofit-Bedarf"
C;28;28.9;28.91;Manufacture of machinery for metallurgy;;3;2;2;2;2;2;7,5;HI;Prio 2 GUT;;Huttenmaschinen
C;28;28.9;28.92;Manufacture of machinery for mining, quarrying and construction;;2;2;2;2;2;2;6,7;MID;Prio 2 GUT;;Bergbaumaschinen
C;28;28.9;28.93;Manufacture of machinery for food, beverage and tobacco processing;;3;2;2;3;2;3;8,5;HI;Prio 1 TOP;;Nahrungsmittelmaschinen: Kunden sind F&B-Hersteller, gelegentlich | Buyer = Nahrungsmittelmaschinen-Hersteller schreibt Engineering/Lohnfertigung aus | Food-Maschinen: Engineering fuer neue Linien
C;28;28.9;28.94;Manufacture of machinery for textile, apparel and leather production;;2;2;2;2;1;2;6,4;MID;Prio 2 GUT;;Buyer = Textilmaschinen-Hersteller schreibt Engineering aus | Textilmaschinen
C;28;28.9;28.95;Manufacture of machinery for paper and paperboard production;;2;2;2;2;1;2;6,4;MID;Prio 2 GUT;;Papiermaschinen
C;28;28.9;28.96;Manufacture of plastics and rubber machinery;;2;2;2;2;2;2;6,7;MID;Prio 2 GUT;;Kunststoffmaschinen
C;28;28.9;28.99;Manufacture of other special-purpose machinery n.e.c.;;3;2;2;3;2;2;8,0;HI;Prio 1 TOP;;Sondermaschinen: Engineering-Ausschreibungen
;Abt. 29;;;;;;;;;;;;;;;
C;29;29.1;29.10;Manufacture of motor vehicles;;3;1;1;2;3;2;6,5;MID;Prio 2 GUT;;OEM: Kunden sind Autohaendler/Importeure, professionell | OEM: EV-Linien, Tier-1 offen
C;29;29.2;29.20;"Manufacture of bodies (coachwork) for motor vehicles; trailers";;2;1;1;2;2;2;5,4;MID;Pruefen;;Fahrzeugaufbauten
C;29;29.3;29.31;Manufacture of electrical and electronic equipment for motor vehicles;;3;1;1;2;2;2;6,3;MID;Prio 2 GUT;;EV-Komponenten: waechst
C;29;29.3;29.32;Manufacture of other parts and accessories for motor vehicles;;3;2;2;3;3;3;8,8;HI;Prio 1 TOP;;Automotive Zulieferer: Kunden sind Tier-1/OEM, professionell | Tier-2/3-Zulieferer: Automatisierung, Einmal-Buyer
;Abt. 30;;;;;;;;;;;;;;;
C;30;30.1;30.11;Building of ships and floating structures;;3;2;2;2;2;2;7,5;HI;Prio 2 GUT;;Schiffbau: Kunden teils Einzel-Auftrag | Schiffbau: komplex
C;30;30.1;30.12;Building of pleasure and sporting boats;;2;2;2;2;1;2;6,4;MID;Prio 2 GUT;;Sportboote
C;30;30.2;30.20;Manufacture of railway locomotives and rolling stock;;3;2;2;2;2;2;7,5;HI;Prio 2 GUT;WARNUNG;WARNUNG: Teils öffentlich – nur privaten Anteil betrachten | Bahntechnik: teils oeffentlich
C;30;30.3;30.30;Manufacture of air and spacecraft and related machinery;;3;2;2;2;2;2;7,5;HI;Prio 2 GUT;WARNUNG;WARNUNG: Teils öffentlich – nur privaten Anteil betrachten | Aerospace: EASA-reguliert, PSL
C;30;30.4;30.40;Manufacture of military fighting vehicles;;3;2;2;2;2;2;7,5;HI;Prio 2 GUT;WARNUNG;WARNUNG: Teils öffentlich – nur privaten Anteil betrachten | Defence-Fahrzeuge: EU-Aufruestung
C;30;30.9;30.91;Manufacture of motorcycles;;2;1;1;2;1;2;5,2;MID;Pruefen;;Motorraeder: Spezialentwicklung
C;30;30.9;30.92;Manufacture of bicycles and invalid carriages;;2;2;2;2;2;2;6,7;MID;Prio 2 GUT;;E-Bikes: Entwicklungsprojekte
C;30;30.9;30.99;Manufacture of other transport equipment n.e.c.;;2;2;2;2;1;2;6,4;MID;Prio 2 GUT;;Sonstige Fahrzeuge
;Abt. 31;;;;;;;;;;;;;;;
C;31;31.0;31.01;Manufacture of office and shop furniture;;1;2;2;2;1;2;5,6;MID;Pruefen;;Moebel: Spezialeinrichtung fuer Labore/Reinraeume – nische
C;31;31.0;31.02;Manufacture of kitchen furniture;;1;1;1;2;1;2;4,3;MID;Pruefen;;Kuechenmoebel: kaum B2B-Projekt
C;31;31.0;31.03;Manufacture of mattresses;;1;1;1;2;1;2;4,3;MID;Pruefen;;Matratzen: Spezialentwicklung fuer Medizin/Hotels
C;31;31.0;31.09;Manufacture of other furniture;;1;2;2;2;1;2;5,6;MID;Pruefen;;Sonstige Moebel: Reinraum-Moebel
;Abt. 32;;;;;;;;;;;;;;;
C;32;32.1;32.11;Striking of coins;;0;0;0;0;0;0;0,0;---;---;;Muenzpraegung: staatlich
C;32;32.1;32.12;Manufacture of jewellery and related articles;;1;2;2;2;1;2;5,6;MID;Pruefen;;Schmuck: Spezialentwicklung
C;32;32.1;32.13;Manufacture of imitation jewellery and related articles;;1;1;1;1;1;2;3,8;LO;Niedrig;;Modeschmuck
C;32;32.2;32.20;Manufacture of musical instruments;;2;2;2;2;1;2;6,4;MID;Prio 2 GUT;;Instrumente: Spezialentwicklung fuer Profis
C;32;32.3;32.30;Manufacture of sports goods;;2;1;1;2;1;2;5,2;MID;Pruefen;;Sportgeraete: Spezialentwicklung
C;32;32.4;32.40;Manufacture of games and toys;;1;1;1;2;1;2;4,3;MID;Pruefen;;Spielzeug: Entwicklungsprojekte moeglich
C;32;32.5;32.50;Manufacture of medical and dental instruments and supplies;;3;2;2;3;2;3;8,5;HI;Prio 1 TOP;;Medizinprodukte: Kunden sind Kliniken/Praxen, teils professionell | Medizintechnik: GMP-Fertigung, MDR-getrieben
C;32;32.9;32.91;Manufacture of brooms and brushes;;1;1;1;1;1;2;3,8;LO;Niedrig;;Buersten: kaum B2B-Projekt
C;32;32.9;32.99;Other manufacturing n.e.c.;;2;2;2;2;1;2;6,4;MID;Prio 2 GUT;;Sonstige Herstellung
;Abt. 33;;;;;;;;;;;;;;;
C;33;33.1;33.11;Repair of fabricated metal products;;1;2;2;2;2;2;5,8;MID;Pruefen;;Reparatur Metallprodukte: Kunden gelegentlich | Metallreparatur: Auftragsarbeit
C;33;33.1;33.12;Repair of machinery;;2;2;2;2;2;2;6,7;MID;Prio 2 GUT;;Maschinenreparatur: Kunden gelegentlich | Maschinenreparatur: O&M-Projekte
C;33;33.1;33.13;Repair of electronic and optical equipment;;2;2;2;2;2;2;6,7;MID;Prio 2 GUT;;Elektronik-Reparatur
C;33;33.1;33.14;Repair of electrical equipment;;2;2;2;2;2;2;6,7;MID;Prio 2 GUT;;Elektroreparatur
C;33;33.1;33.15;Repair and maintenance of ships and boats;;2;2;2;2;2;2;6,7;MID;Prio 2 GUT;;Schiffbau MRO: Kunden gelegentlich | Schiffbau MRO
C;33;33.1;33.16;Repair and maintenance of aircraft and spacecraft;;3;3;3;2;2;2;8,7;HI;Prio 1 TOP;;Aerospace MRO: Kunden speziell, selten | Aerospace MRO: spezialisiert
C;33;33.1;33.17;Repair and maintenance of other transport equipment;;2;2;2;2;2;2;6,7;MID;Prio 2 GUT;;Transport-MRO
C;33;33.1;33.19;Repair of other equipment;;2;2;2;2;2;2;6,7;MID;Prio 2 GUT;;Sonstige Reparatur
C;33;33.2;33.20;Installation of industrial machinery and equipment;;3;3;3;3;3;3;10,0;HI;Prio 1 TOP;;Maschineninstallation/Systemintegration: Kunden sind Industrie mit seltenen Projekten – KERN-MARKT | KERN: Systemintegratoren – direkter haystacked Supplier
ABSCHNITT D – Electricity, Gas, Steam;;;;;;;;;;;;;;;;
;Abt. 35;;;;;;;;;;;;;;;
D;35;35.1;35.11;Production of electricity;;3;2;2;2;3;2;7,8;HI;Prio 2 GUT;WARNUNG;Stromerzeugung: Kunden sind Netzbetreiber/Grosskunden, teils professionell | WARNUNG: Teils öffentlich – nur privaten Anteil betrachten | Kraftwerk: IPPs als Buyer
D;35;35.1;35.12;Transmission of electricity;;2;1;1;1;2;2;4,9;MID;Pruefen;WARNUNG;WARNUNG: Teils öffentlich – nur privaten Anteil betrachten | Grid: teils oeffentlich, PSL
D;35;35.1;35.13;Distribution of electricity;;2;1;1;1;2;2;4,9;MID;Pruefen;WARNUNG;WARNUNG: Teils öffentlich – nur privaten Anteil betrachten | Verteilung: teils oeffentlich
D;35;35.1;35.14;Trade of electricity;;1;1;1;1;1;2;3,8;LO;Niedrig;;Stromhandel: kein Engineering
D;35;35.2;35.21;Manufacture of gas;;3;2;2;2;2;2;7,5;HI;Prio 2 GUT;;Gas: Kunden teils neue H2-Projekte | Gasaufbereitung: Wasserstoff-Boom
D;35;35.2;35.22;Distribution of gaseous fuels through mains;;2;1;1;1;2;2;4,9;MID;Pruefen;WARNUNG;WARNUNG: Teils öffentlich – nur privaten Anteil betrachten | Gasverteilung: teils oeffentlich
D;35;35.2;35.23;Trade of gas through mains;;1;1;1;1;1;2;3,8;LO;Niedrig;;Gashandel: kein Engineering
D;35;35.3;35.30;Steam and air conditioning supply;;2;3;3;3;2;2;8,4;HI;Prio 1 TOP;;Fernwaerme: Kunden sind Kommunen/Industrie, Einmal-Projekte | Fernwaerme: Einmal-Buyer, Energiewende
ABSCHNITT E – Water, Sewerage, Waste;;;;;;;;;;;;;;;;
;Abt. 36;;;;;;;;;;;;;;;
E;36;36.0;36.00;Water collection, treatment and supply;;3;2;2;2;2;2;7,5;HI;Prio 2 GUT;WARNUNG;Wasser: Kunden sind Industrie (privat) oder Kommunen (oeffentl.) | WARNUNG: Teils öffentlich – nur privaten Anteil betrachten | Wasseraufbereitung: teils oeffentlich
;Abt. 37;;;;;;;;;;;;;;;
E;37;37.0;37.00;Sewerage;;3;2;2;2;2;2;7,5;HI;Prio 2 GUT;WARNUNG;Abwasser: wie Wasser | WARNUNG: Teils öffentlich – nur privaten Anteil betrachten | Klaeranlage: industriell privat
;Abt. 38;;;;;;;;;;;;;;;
E;38;38.1;38.11;Collection of non-hazardous waste;;1;1;1;2;2;2;4,6;MID;Pruefen;WARNUNG;WARNUNG: Teils öffentlich – nur privaten Anteil betrachten | Abfallsammlung
E;38;38.1;38.12;Collection of hazardous waste;;2;2;2;2;2;2;6,7;MID;Prio 2 GUT;;Sonderabfall: Engineering
E;38;38.2;38.21;Treatment and disposal of non-hazardous waste;;3;2;2;2;2;2;7,5;HI;Prio 2 GUT;WARNUNG;Waste-to-Energy: Kunden teils Kommunen/teils Industrie | WARNUNG: Teils öffentlich – nur privaten Anteil betrachten | Waste-to-Energy
E;38;38.2;38.22;Treatment and disposal of hazardous waste;;3;3;3;3;2;2;9,2;HI;Prio 1 TOP;;Sonderabfall: Kunden haben selten Erfahrung, sehr speziell | Gef. Abfall: sehr spezialisiert
E;38;38.3;38.31;Dismantling of wrecks;;2;2;2;2;1;2;6,4;MID;Prio 2 GUT;;Abwrackung
E;38;38.3;38.32;Recovery of sorted materials;;3;3;3;3;2;3;9,7;HI;Prio 1 TOP;;Recycling-Anlagen: Kunden sind Einzel-Investoren ohne Erfahrung | Recycling-Anlage: Circular Economy
;Abt. 39;;;;;;;;;;;;;;;
E;39;39.0;39.00;Remediation activities and other waste management services;;3;3;3;3;2;2;9,2;HI;Prio 1 TOP;;Bodensanierung: Kunden sind Unternehmen/Kommunen, Einmal-Projekt | Bodensanierung: spezialisierte Supplier
ABSCHNITT F – Construction;;;;;;;;;;;;;;;;
;Abt. 41;;;;;;;;;;;;;;;
F;41;41.1;41.10;Development of building projects;;2;3;3;2;2;2;7,9;HI;Prio 2 GUT;;Projektentwicklung: Kunden sind Investoren ohne Engineering-Netzwerk | Projektentwickler als Buyer
F;41;41.2;41.20;Construction of residential and non-residential buildings;;3;2;2;2;3;2;7,8;HI;Prio 2 GUT;;Industriebau: Kunden gelegentlich | Industriebau: privat, aber GU-Vergabe dominiert
;Abt. 42;;;;;;;;;;;;;;;
F;42;42.1;42.11;Construction of roads and motorways;;2;1;1;1;3;2;0,0;KO;AUSGESCHLOSSEN;KO;AUSGESCHLOSSEN: Vollstaendig oeffentliches Vergaberecht
F;42;42.1;42.12;Construction of railways and underground railways;;2;1;1;1;3;2;0,0;KO;AUSGESCHLOSSEN;KO;AUSGESCHLOSSEN: Vollstaendig oeffentliches Vergaberecht
F;42;42.1;42.13;Construction of bridges and tunnels;;2;1;1;1;3;2;0,0;KO;AUSGESCHLOSSEN;KO;AUSGESCHLOSSEN: Vollstaendig oeffentliches Vergaberecht
F;42;42.2;42.21;Construction of utility projects for fluids;;2;2;2;2;2;2;6,7;MID;Prio 2 GUT;WARNUNG;WARNUNG: Teils öffentlich – nur privaten Anteil betrachten | Leitungsbau: teils privat
F;42;42.2;42.22;Construction of utility projects for electricity and telecommunications;;2;2;2;2;2;2;6,7;MID;Prio 2 GUT;WARNUNG;WARNUNG: Teils öffentlich – nur privaten Anteil betrachten | Energienetz: teils privat
F;42;42.9;42.91;Construction of water projects;;2;1;1;1;2;2;0,0;KO;AUSGESCHLOSSEN;KO;AUSGESCHLOSSEN: Vollstaendig oeffentliches Vergaberecht
F;42;42.9;42.99;Construction of other civil engineering projects n.e.c.;;2;2;2;2;2;2;6,7;MID;Prio 2 GUT;WARNUNG;WARNUNG: Teils öffentlich – nur privaten Anteil betrachten | Sonstiger Tiefbau
;Abt. 43;;;;;;;;;;;;;;;
F;43;43.1;43.11;Demolition;;1;2;2;2;2;2;5,8;MID;Pruefen;;Abbruch
F;43;43.1;43.12;Site preparation;;2;2;2;2;2;2;6,7;MID;Prio 2 GUT;;Baustellenvorbereitung
F;43;43.1;43.13;Test drilling and boring;;2;3;3;3;2;2;8,4;HI;Prio 1 TOP;;Geotechnik: Kunden selten | Geotechnik: Spezial-Supplier
F;43;43.2;43.21;Electrical installation;;3;3;3;3;3;3;10,0;HI;Prio 1 TOP;;Elektroinstallation Industrie: Kunden sind Industrieunternehmen mit seltenen Projekten – KERN | KERN: Elektro-Systemintegratoren
F;43;43.2;43.22;Plumbing, heat and air-conditioning installation;;3;3;3;3;3;3;10,0;HI;Prio 1 TOP;;HVAC/Kaelte: Kunden wie 43.21 – KERN | KERN: HVAC/Kaelte-Engineering
F;43;43.2;43.29;Other construction installation n.e.c.;;3;3;3;3;3;3;10,0;HI;Prio 1 TOP;;Reinrauminstallation: Kunden haben kaum Erfahrung – KERN | KERN: Reinrauminstallation, Spezialsysteme
F;43;43.3;43.31;Plastering;;1;2;2;2;2;2;5,8;MID;Pruefen;;Putz: geringe Spezifikation
F;43;43.3;43.32;Joinery installation;;1;2;2;2;2;2;5,8;MID;Pruefen;;Tischlerei
F;43;43.3;43.33;Floor and wall covering;;1;2;2;2;2;2;5,8;MID;Pruefen;;Bodenbelaege
F;43;43.3;43.34;Painting and glazing;;1;1;1;2;1;2;4,3;MID;Pruefen;;Malen/Verglasen
F;43;43.3;43.39;Other building completion and finishing;;2;2;2;2;2;2;6,7;MID;Prio 2 GUT;;Reinraum-Finishing
F;43;43.9;43.91;Roofing activities;;2;2;2;2;2;2;6,7;MID;Prio 2 GUT;;Dach: Solar-Installation
F;43;43.9;43.99;Other specialised construction activities n.e.c.;;2;2;2;3;2;2;7,2;HI;Prio 2 GUT;;Spezialtiefbau, Windkraft-Fundamente
ABSCHNITT G – Wholesale and Retail Trade;;;;;;;;;;;;;;;;
;Abt. 46;;;;;;;;;;;;;;;
G;46;46.1;46.11;Agents in agricultural raw materials, live animals, etc.;;1;1;1;1;1;2;3,8;LO;Niedrig;;Agrarenhandel: Beschaffungsprojekte
G;46;46.1;46.12;Agents in fuels, ores, metals and industrial chemicals;;1;1;1;1;1;2;3,8;LO;Niedrig;;Rohstoffhandel
G;46;46.1;46.13;Agents in timber and building materials;;1;1;1;1;1;2;3,8;LO;Niedrig;;Baumaterialhandel
G;46;46.1;46.14;Agents in machinery, industrial equipment, ships and aircraft;;1;2;2;2;2;2;5,8;MID;Pruefen;;Maschinenhandel: Kunden teils Einzel-Beschaffung | Maschinenhandel: potenziell Beschaffungskanal
G;46;46.1;46.15;Agents in furniture, household goods, hardware and ironmongery;;1;1;1;1;1;2;3,8;LO;Niedrig;;Moebelhandel
G;46;46.1;46.16;Agents in textiles, clothing, fur, footwear and leather goods;;1;1;1;1;1;2;3,8;LO;Niedrig;;Textilhandel
G;46;46.1;46.17;Agents in food, beverages and tobacco;;1;1;1;1;1;2;3,8;LO;Niedrig;;Lebensmittelhandel
G;46;46.1;46.18;Agents specialised in the sale of other particular products;;1;1;1;1;1;2;3,8;LO;Niedrig;;Sonstige Handelsvertreter
G;46;46.1;46.19;Agents in the sale of a variety of goods;;1;1;1;1;1;2;3,8;LO;Niedrig;;Allg. Handelsvertreter
G;46;46.2;46.21;Wholesale of grain, unmanufactured tobacco, seeds and animal feeds;;1;1;1;1;1;2;3,8;LO;Niedrig;;Getreidehandel
G;46;46.2;46.22;Wholesale of flowers and plants;;1;1;1;1;1;2;3,8;LO;Niedrig;;Blumenhandel
G;46;46.2;46.23;Wholesale of live animals;;1;1;1;1;1;2;3,8;LO;Niedrig;;Tierhandel
G;46;46.2;46.24;Wholesale of hides, skins and leather;;1;1;1;1;1;2;3,8;LO;Niedrig;;Lederhandel
G;46;46.3;46.31;Wholesale of fruit and vegetables;;1;1;1;1;1;2;3,8;LO;Niedrig;;Obsthandel
G;46;46.3;46.32;Wholesale of meat and meat products;;1;1;1;1;1;2;3,8;LO;Niedrig;;Fleischhandel
G;46;46.3;46.33;Wholesale of dairy products, eggs and edible oils and fats;;1;1;1;1;1;2;3,8;LO;Niedrig;;Milchhandel
G;46;46.3;46.34;Wholesale of beverages;;1;1;1;1;1;2;3,8;LO;Niedrig;;Getraenkehandel
G;46;46.3;46.35;Wholesale of tobacco products;;1;1;1;1;1;2;3,8;LO;Niedrig;;Tabakhandel
G;46;46.3;46.36;Wholesale of sugar and chocolate and sugar confectionery;;1;1;1;1;1;2;3,8;LO;Niedrig;;Suesswarenhandel
G;46;46.3;46.37;Wholesale of coffee, tea, cocoa and spices;;1;1;1;1;1;2;3,8;LO;Niedrig;;Kaffeehandel
G;46;46.3;46.38;Wholesale of other food, including fish, crustaceans and molluscs;;1;1;1;1;1;2;3,8;LO;Niedrig;;Lebensmittelgrosshandel
G;46;46.3;46.39;Non-specialised wholesale of food, beverages and tobacco;;1;1;1;1;1;2;3,8;LO;Niedrig;;Allg. Lebensmittelgrosshandel
G;46;46.4;46.41;Wholesale of textiles;;1;1;1;1;1;2;3,8;LO;Niedrig;;Textilgrosshandel
G;46;46.4;46.42;Wholesale of clothing and footwear;;1;1;1;1;1;2;3,8;LO;Niedrig;;Bekleidungsgrosshandel
G;46;46.4;46.43;Wholesale of electrical household appliances;;1;1;1;1;1;2;3,8;LO;Niedrig;;Elektrogrosshandel
G;46;46.4;46.44;Wholesale of china and glassware and cleaning materials;;1;1;1;1;1;2;3,8;LO;Niedrig;;Haushaltswarengrosshandel
G;46;46.4;46.45;Wholesale of perfume and cosmetics;;1;1;1;1;1;2;3,8;LO;Niedrig;;Kosmetikgrosshandel
G;46;46.4;46.46;Wholesale of pharmaceutical goods;;1;1;1;1;1;2;3,8;LO;Niedrig;;Pharmgrosshandel
G;46;46.4;46.47;Wholesale of furniture, carpets and lighting equipment;;1;1;1;1;1;2;3,8;LO;Niedrig;;Mobelgrosshandel
G;46;46.4;46.48;Wholesale of watches and jewellery;;1;1;1;1;1;2;3,8;LO;Niedrig;;Uhrengrosshandel
G;46;46.4;46.49;Wholesale of other household goods;;1;1;1;1;1;2;3,8;LO;Niedrig;;Haushaltsgrosshandel
G;46;46.5;46.51;Wholesale of computers, computer peripheral equipment and software;;1;1;1;1;1;2;3,8;LO;Niedrig;;IT-Grosshandel
G;46;46.5;46.52;Wholesale of electronic and telecommunications equipment;;1;1;1;1;1;2;3,8;LO;Niedrig;;Elektronikgrosshandel
G;46;46.6;46.61;Wholesale of agricultural machinery, equipment and supplies;;1;1;1;2;1;2;4,3;MID;Pruefen;;Agrarmaschinengrosshandel
G;46;46.6;46.62;Wholesale of machine tools;;1;1;1;2;1;2;4,3;MID;Pruefen;;Werkzeugmaschinengrosshandel
G;46;46.6;46.63;Wholesale of mining, construction and civil engineering machinery;;1;1;1;2;1;2;4,3;MID;Pruefen;;Baumaschinengrosshandel
G;46;46.6;46.64;Wholesale of machinery for textile industry and sewing/knitting;;1;1;1;2;1;2;4,3;MID;Pruefen;;Textilmaschinengrosshandel
G;46;46.6;46.65;Wholesale of office furniture;;1;1;1;1;1;2;3,8;LO;Niedrig;;Bueromoebelhandel
G;46;46.6;46.66;Wholesale of other office machinery and equipment;;1;1;1;1;1;2;3,8;LO;Niedrig;;Bueromaschinenhandel
G;46;46.6;46.69;Wholesale of other machinery and equipment;;1;1;1;2;1;2;4,3;MID;Pruefen;;Sonstiger Maschinenhandel
G;46;46.7;46.71;Wholesale of solid, liquid and gaseous fuels;;1;1;1;1;1;2;3,8;LO;Niedrig;;Energiehandel
G;46;46.7;46.72;Wholesale of metals and metal ores;;1;1;1;1;1;2;3,8;LO;Niedrig;;Metallhandel
G;46;46.7;46.73;Wholesale of wood, construction materials and sanitary equipment;;1;1;1;1;1;2;3,8;LO;Niedrig;;Baustoffhandel
G;46;46.7;46.74;Wholesale of hardware, plumbing and heating equipment;;1;1;1;1;1;2;3,8;LO;Niedrig;;Installateursbedarf
G;46;46.7;46.75;Wholesale of chemical products;;1;1;1;1;1;2;3,8;LO;Niedrig;;Chemiehandel
G;46;46.7;46.76;Wholesale of other intermediate products;;1;1;1;1;1;2;3,8;LO;Niedrig;;Sonstiger Vorprodukthandel
G;46;46.7;46.77;Wholesale of waste and scrap;;1;1;1;1;1;2;3,8;LO;Niedrig;;Schrotthandel
G;46;46.9;46.90;Non-specialised wholesale trade;;1;1;1;1;1;2;3,8;LO;Niedrig;;Allg. Grosshandel
;Abt. 47;;;;;;;;;;;;;;;
G;47;47.1;47.11;Retail sale in non-specialised stores with food, beverages or tobacco;;1;1;1;1;1;2;3,8;LO;Niedrig;;Supermarkt
G;47;47.1;47.19;Other retail sale in non-specialised stores;;1;1;1;1;1;2;3,8;LO;Niedrig;;Kaufhaus
G;47;47.2;47.21;Retail sale of fruit and vegetables;;1;1;1;1;1;2;3,8;LO;Niedrig;;Gemusehandel
G;47;47.2;47.22;Retail sale of meat and meat products;;1;1;1;1;1;2;3,8;LO;Niedrig;;Fleischer
G;47;47.2;47.23;Retail sale of fish, crustaceans and molluscs;;1;1;1;1;1;2;3,8;LO;Niedrig;;Fischhandel
G;47;47.2;47.24;Retail sale of bread, cakes, flour confectionery;;1;1;1;1;1;2;3,8;LO;Niedrig;;Baeckerei
G;47;47.2;47.25;Retail sale of beverages;;1;1;1;1;1;2;3,8;LO;Niedrig;;Getraenkehandel
G;47;47.2;47.26;Retail sale of tobacco products;;1;1;1;1;1;2;3,8;LO;Niedrig;;Tabakhandel
G;47;47.2;47.29;Other retail sale of food;;1;1;1;1;1;2;3,8;LO;Niedrig;;Lebensmittelhandel
G;47;47.3;47.30;Retail sale of automotive fuel;;1;2;2;1;1;2;5,1;MID;Pruefen;;Tankstelle: EV-Umruest. durch Betreiber | Tankstelle
G;47;47.4;47.41;Retail sale of computers, peripheral units and software;;1;1;1;1;1;2;3,8;LO;Niedrig;;Computerhandel
G;47;47.4;47.42;Retail sale of telecommunications equipment;;1;1;1;1;1;2;3,8;LO;Niedrig;;Telekomhandel
G;47;47.4;47.43;Retail sale of audio and video equipment;;1;1;1;1;1;2;3,8;LO;Niedrig;;Elektronikhandel
G;47;47.5;47.51;Retail sale of textiles;;1;1;1;1;1;2;3,8;LO;Niedrig;;Textilhandel
G;47;47.5;47.52;Retail sale of hardware, paints and glass;;1;1;1;1;1;2;3,8;LO;Niedrig;;Baumarkt
G;47;47.5;47.53;Retail sale of carpets, rugs, wall and floor coverings;;1;1;1;1;1;2;3,8;LO;Niedrig;;Bodenbelaege
G;47;47.5;47.54;Retail sale of electrical household appliances;;1;1;1;1;1;2;3,8;LO;Niedrig;;Elektrohandel
G;47;47.5;47.59;Retail sale of furniture, lighting equipment;;1;1;1;1;1;2;3,8;LO;Niedrig;;Moebelhandel
G;47;47.6;47.61;Retail sale of books;;1;1;1;1;1;2;3,8;LO;Niedrig;;Buchhandel
G;47;47.6;47.62;Retail sale of newspapers and stationery;;1;1;1;1;1;2;3,8;LO;Niedrig;;Zeitungshandel
G;47;47.6;47.63;Retail sale of music and video recordings;;1;1;1;1;1;2;3,8;LO;Niedrig;;Medienhandel
G;47;47.6;47.64;Retail sale of sporting equipment;;1;1;1;1;1;2;3,8;LO;Niedrig;;Sporthandel
G;47;47.6;47.65;Retail sale of games and toys;;1;1;1;1;1;2;3,8;LO;Niedrig;;Spielzeughandel
G;47;47.7;47.71;Retail sale of clothing;;1;1;1;1;1;2;3,8;LO;Niedrig;;Bekleidungshandel
G;47;47.7;47.72;Retail sale of footwear and leather goods;;1;1;1;1;1;2;3,8;LO;Niedrig;;Schuhhandel
G;47;47.7;47.73;Dispensing chemist;;1;1;1;1;1;2;3,8;LO;Niedrig;;Apotheke
G;47;47.7;47.74;Retail sale of medical and orthopaedic goods;;1;1;1;1;1;2;3,8;LO;Niedrig;;Medizinbedarf
G;47;47.7;47.75;Retail sale of cosmetic and toilet articles;;1;1;1;1;1;2;3,8;LO;Niedrig;;Kosmetikhandel
G;47;47.7;47.76;Retail sale of flowers, plants, seeds, fertilisers, pet animals;;1;1;1;1;1;2;3,8;LO;Niedrig;;Blumenhandel
G;47;47.7;47.77;Retail sale of watches and jewellery;;1;1;1;1;1;2;3,8;LO;Niedrig;;Uhrenhandel
G;47;47.7;47.78;Other retail sale of new goods;;1;1;1;1;1;2;3,8;LO;Niedrig;;Sonstiger Einzelhandel
G;47;47.7;47.79;Retail sale of second-hand goods;;1;1;1;1;1;2;3,8;LO;Niedrig;;Gebrauchtwarenhandel
G;47;47.8;47.81;Retail sale via stalls and markets of food, beverages and tobacco;;1;1;1;1;1;2;3,8;LO;Niedrig;;Markthandel
G;47;47.8;47.82;Retail sale via stalls and markets of textiles, clothing;;1;1;1;1;1;2;3,8;LO;Niedrig;;Markthandel Textil
G;47;47.8;47.89;Retail sale via stalls and markets of other goods;;1;1;1;1;1;2;3,8;LO;Niedrig;;Markthandel sonstiges
G;47;47.9;47.91;Retail sale via mail order houses or via internet;;1;2;2;1;1;2;5,1;MID;Pruefen;;E-Commerce: Kunden teils Einzel-Fulfillment-Projekt | Versandhandel
G;47;47.9;47.99;Other retail sale not in stores, stalls or markets;;1;1;1;1;1;2;3,8;LO;Niedrig;;Sonstiger Versandhandel
ABSCHNITT H – Transportation and Storage;;;;;;;;;;;;;;;;
;Abt. 49;;;;;;;;;;;;;;;
H;49;49.1;49.10;Passenger rail transport, interurban;;2;1;1;1;2;2;0,0;KO;AUSGESCHLOSSEN;KO;AUSGESCHLOSSEN: Vollstaendig oeffentliches Vergaberecht
H;49;49.2;49.20;Freight rail transport;;2;1;1;1;2;2;4,9;MID;Pruefen;WARNUNG;WARNUNG: Teils öffentlich – nur privaten Anteil betrachten | Gueterbahn: Netz-Projekte
H;49;49.3;49.31;Urban and suburban passenger land transport;;2;1;1;1;2;2;4,9;MID;Pruefen;WARNUNG;WARNUNG: Teils öffentlich – nur privaten Anteil betrachten | OEPNV: oeffentlich
H;49;49.3;49.32;Taxi operation;;1;1;1;1;1;2;3,8;LO;Niedrig;;Taxi
H;49;49.3;49.39;Other passenger land transport n.e.c.;;1;1;1;1;1;2;3,8;LO;Niedrig;;Sonstige Personenbef.
H;49;49.4;49.41;Freight transport by road;;1;2;2;1;1;2;5,1;MID;Pruefen;;Strassengueterverkehr
H;49;49.4;49.42;Removal services;;1;1;1;1;1;2;3,8;LO;Niedrig;;Umzugsdienstleister
H;49;49.5;49.50;Transport via pipeline;;3;3;3;2;2;2;8,7;HI;Prio 1 TOP;;Pipeline: Kunden sind Energieversorger, Einzel-Projekte | Pipeline-Engineering: Wasserstoff/Energie
;Abt. 50;;;;;;;;;;;;;;;
H;50;50.1;50.10;Sea and coastal passenger water transport;;2;2;2;2;1;2;6,4;MID;Prio 2 GUT;;Personenschifffahrt
H;50;50.2;50.20;Sea and coastal freight water transport;;2;2;2;1;2;2;6,2;MID;Prio 2 GUT;;Gueterschifffahrt: Hafen-Projekte
H;50;50.3;50.30;Inland passenger water transport;;2;1;1;2;1;2;5,2;MID;Pruefen;;Binnenschifffahrt
H;50;50.4;50.40;Inland freight water transport;;2;2;2;2;1;2;6,4;MID;Prio 2 GUT;;Binnenguetertransport
;Abt. 51;;;;;;;;;;;;;;;
H;51;51.1;51.10;Passenger air transport;;2;1;1;1;2;2;4,9;MID;Pruefen;WARNUNG;WARNUNG: Teils öffentlich – nur privaten Anteil betrachten | Luftfahrt: PSL dominiert
H;51;51.2;51.21;Freight air transport;;2;1;1;1;2;2;4,9;MID;Pruefen;WARNUNG;WARNUNG: Teils öffentlich – nur privaten Anteil betrachten | Luftfracht
H;51;51.2;51.22;Space transport;;3;3;3;2;1;2;8,5;HI;Prio 1 TOP;;Raumfahrt: Kunden sind ESA/Raumfahrtunternehmen, sehr selten | Raumfahrt: komplex, kleiner Markt
;Abt. 52;;;;;;;;;;;;;;;
H;52;52.1;52.10;Warehousing and storage;;3;3;3;3;3;3;10,0;HI;Prio 1 TOP;;Lagerlogistik Engineering: Kunden sind E-Commerce/Industrie, Einmal-Projekt | Logistikzentrum-Engineering: Einmal-Buyer, E-Commerce-Boom
H;52;52.2;52.21;Service activities incidental to land transportation;;1;1;1;1;1;2;3,8;LO;Niedrig;;Verkehrsdienstleistungen
H;52;52.2;52.22;Service activities incidental to water transportation;;1;2;2;1;1;2;5,1;MID;Pruefen;;Seeverkehrsdienstl.
H;52;52.2;52.23;Service activities incidental to air transportation;;1;2;2;1;1;2;5,1;MID;Pruefen;WARNUNG;WARNUNG: Teils öffentlich – nur privaten Anteil betrachten | Luftverkehrsdienstl.
H;52;52.2;52.24;Cargo handling;;2;2;2;2;2;2;6,7;MID;Prio 2 GUT;;Hafen-Logistik-Engineering
H;52;52.2;52.29;Other transportation support activities;;2;2;2;2;2;2;6,7;MID;Prio 2 GUT;;Sonstige Transport-Support
;Abt. 53;;;;;;;;;;;;;;;
H;53;53.1;53.10;Postal activities under universal service obligation;;1;1;1;1;1;2;3,8;LO;Niedrig;WARNUNG;WARNUNG: Teils öffentlich – nur privaten Anteil betrachten | Post: oeffentlich
H;53;53.2;53.20;Other postal and courier activities;;1;2;2;2;1;2;5,6;MID;Pruefen;;Kurier: Sortier-Anlagen-Projekte
ABSCHNITT I – Accommodation and Food Service;;;;;;;;;;;;;;;;
;Abt. 55;;;;;;;;;;;;;;;
I;55;55.1;55.10;Hotels and similar accommodation;;2;3;3;2;2;2;7,9;HI;Prio 2 GUT;;Hotel: Kunden sind Gaeste, aber als Kauefe fuer Engineering: Hotelbetreiber Einmal-Buyer | Hotelbau: Innenausbau, Technik-Projekte
I;55;55.2;55.20;Holiday and other short-stay accommodation;;1;2;2;2;1;2;5,6;MID;Pruefen;;Ferienwohnungen
I;55;55.3;55.30;Camping grounds, recreational vehicle parks;;1;2;2;2;1;2;5,6;MID;Pruefen;;Campingplaetze
I;55;55.9;55.90;Other accommodation;;1;2;2;2;1;2;5,6;MID;Pruefen;;Sonstige Beherbergung
;Abt. 56;;;;;;;;;;;;;;;
I;56;56.1;56.10;Restaurants and mobile food service activities;;1;2;2;1;1;2;5,1;MID;Pruefen;;Restaurant: wenig B2B-Projekt
I;56;56.2;56.21;Event catering activities;;2;2;2;2;1;2;6,4;MID;Prio 2 GUT;;Event-Catering
I;56;56.2;56.29;Other food service activities;;1;2;2;1;1;2;5,1;MID;Pruefen;;Sonstige Gastro
I;56;56.3;56.30;Beverage serving activities;;1;1;1;1;1;2;3,8;LO;Niedrig;;Bars
ABSCHNITT J – Publishing, Broadcasting;;;;;;;;;;;;;;;;
;Abt. 58;;;;;;;;;;;;;;;
J;58;58.1;58.11;Book publishing;;1;1;1;1;1;2;3,8;LO;Niedrig;;Buchverlag
J;58;58.1;58.12;Publishing of directories and mailing lists;;1;1;1;1;1;2;3,8;LO;Niedrig;;Verzeichnisse
J;58;58.1;58.13;Publishing of newspapers;;1;2;2;1;1;2;5,1;MID;Pruefen;;Zeitungsverlag
J;58;58.1;58.14;Publishing of journals and periodicals;;1;1;1;1;1;2;3,8;LO;Niedrig;;Fachverlag: Entwicklung Fach-Datenbanken moeglich
J;58;58.1;58.19;Other publishing activities;;1;1;1;1;1;2;3,8;LO;Niedrig;;Sonstige Verlage
J;58;58.2;58.21;Publishing of computer games;;2;2;2;2;1;2;6,4;MID;Prio 2 GUT;;Spieleentwicklung: Kunden sind Publisher, gelegentlich | Games: Entwicklungsprojekte
J;58;58.2;58.29;Other software publishing;;2;2;2;2;2;2;6,7;MID;Prio 2 GUT;;Software-Lohnentwicklung: Kunden teils Einzel-Projekt | Software-Entwicklung fuer Kunden: B2B-Projektgeschaeft
;Abt. 59;;;;;;;;;;;;;;;
J;59;59.1;59.11;Motion picture, video and television programme production;;2;2;2;2;1;2;6,4;MID;Prio 2 GUT;;Film: Projektproduktion
J;59;59.1;59.12;Motion picture, video and television programme post-production;;2;2;2;2;1;2;6,4;MID;Prio 2 GUT;;Post-Production: Dienstleister
J;59;59.1;59.13;Motion picture, video and television programme distribution;;1;1;1;1;1;2;3,8;LO;Niedrig;;Filmvertrieb
J;59;59.1;59.14;Motion picture projection activities;;1;1;1;1;1;2;3,8;LO;Niedrig;;Kino
J;59;59.2;59.20;Sound recording and music publishing activities;;2;2;2;2;1;2;6,4;MID;Prio 2 GUT;;Tonaufnahme: Studiobau
;Abt. 60;;;;;;;;;;;;;;;
J;60;60.1;60.10;Radio broadcasting;;2;1;1;1;1;2;4,7;MID;Pruefen;WARNUNG;WARNUNG: Teils öffentlich – nur privaten Anteil betrachten | Radio: Sendeanlagen
J;60;60.2;60.20;Television programming and broadcasting activities;;2;2;2;1;1;2;5,9;MID;Pruefen;WARNUNG;WARNUNG: Teils öffentlich – nur privaten Anteil betrachten | TV: Sendeanlagen
ABSCHNITT K – Telecom, IT, Consulting;;;;;;;;;;;;;;;;
;Abt. 61;;;;;;;;;;;;;;;
K;61;61.1;61.10;Wired telecommunications activities;;2;2;2;1;2;2;6,2;MID;Prio 2 GUT;;Telko: Kunden professionell, teils Industrie-Einzel-Projekt | Telko: PSL
K;61;61.2;61.20;Wireless telecommunications activities;;3;3;3;3;2;2;9,2;HI;Prio 1 TOP;;Private 5G: Kunden sind Industrie ohne Telko-Erfahrung | Private 5G: waechst
K;61;61.3;61.30;Satellite telecommunications activities;;2;2;2;2;1;2;6,4;MID;Prio 2 GUT;;Satellitenkommunikation
K;61;61.9;61.90;Other telecommunications activities;;2;2;2;2;1;2;6,4;MID;Prio 2 GUT;;Sonstige Telko
;Abt. 62;;;;;;;;;;;;;;;
K;62;62.0;62.01;Computer programming activities;;3;3;3;3;3;2;9,5;HI;Prio 1 TOP;;Software-Entwicklung: Kunden suchen aktiv, sehr fragmentierter Markt – aber Upwork/Freelancer exist. | KERN: Software-Integration, MES/SCADA
K;62;62.0;62.02;Computer consultancy activities;;2;2;2;2;3;2;6,9;MID;Prio 2 GUT;;IT-Beratung: Kunden gelegentlich | IT-Beratung
K;62;62.0;62.03;Computer facilities management activities;;1;2;2;2;2;2;5,8;MID;Pruefen;;IT-Betrieb: Uebergang Projekt/Betrieb
K;62;62.0;62.09;Other information technology and computer service activities;;2;2;2;2;2;2;6,7;MID;Prio 2 GUT;;IT-Services: Integrationsprojekte
;Abt. 63;;;;;;;;;;;;;;;
K;63;63.1;63.11;Data processing, hosting and related activities;;3;3;3;2;3;2;9,0;HI;Prio 1 TOP;;Datacenter: Kunden sind Unternehmen die Rechenzentrum bauen, Einmal-Projekt | Datacenter: Hyperscaler bauen massiv aus
K;63;63.1;63.12;Web portals;;1;1;1;1;1;2;3,8;LO;Niedrig;;Webportale
K;63;63.9;63.91;News agency activities;;1;1;1;1;1;2;3,8;LO;Niedrig;;Nachrichtenagenturen
K;63;63.9;63.99;Other information service activities n.e.c.;;1;2;2;1;1;2;5,1;MID;Pruefen;;Sonstige Informationsdienste
ABSCHNITT L – Financial and Insurance;;;;;;;;;;;;;;;;
;Abt. 64;;;;;;;;;;;;;;;
L;64;64.1;64.11;Central banking;;1;1;1;1;1;2;0,0;KO;AUSGESCHLOSSEN;KO;AUSGESCHLOSSEN: Vollstaendig oeffentliches Vergaberecht
L;64;64.1;64.19;Other monetary intermediation;;1;2;2;2;1;2;5,6;MID;Pruefen;;Banken: IT-Projekte moeglich
L;64;64.2;64.20;Activities of holding companies and financial conduits;;1;1;1;1;1;2;3,8;LO;Niedrig;;Holding
L;64;64.3;64.30;Activities of trusts, funds and similar financial entities;;1;1;1;1;1;2;3,8;LO;Niedrig;;Fonds
L;64;64.9;64.91;Financial leasing;;1;1;1;1;1;2;3,8;LO;Niedrig;;Leasing
L;64;64.9;64.92;Other credit granting;;1;1;1;1;1;2;3,8;LO;Niedrig;;Kreditvergabe
L;64;64.9;64.99;Other financial service activities, exc. insurance and pension funding;;1;2;2;1;1;2;5,1;MID;Pruefen;;Finanzdienstleistungen
;Abt. 65;;;;;;;;;;;;;;;
L;65;65.1;65.11;Life insurance;;1;1;1;1;1;2;3,8;LO;Niedrig;;Lebensversicherung
L;65;65.1;65.12;Non-life insurance;;1;1;1;1;1;2;3,8;LO;Niedrig;;Sachversicherung
L;65;65.2;65.20;Reinsurance;;1;1;1;1;1;2;3,8;LO;Niedrig;;Rueckversicherung
L;65;65.3;65.30;Pension funding;;1;1;1;1;1;2;3,8;LO;Niedrig;;Pensionsfonds
;Abt. 66;;;;;;;;;;;;;;;
L;66;66.1;66.11;Administration of financial markets;;1;1;1;1;1;2;3,8;LO;Niedrig;;Boerse
L;66;66.1;66.12;Security and commodity contracts brokerage;;1;1;1;1;1;2;3,8;LO;Niedrig;;Broker
L;66;66.1;66.19;Other activities auxiliary to financial services;;1;1;1;1;1;2;3,8;LO;Niedrig;;Finanzauxiliar
L;66;66.2;66.21;Risk and damage evaluation;;2;2;2;2;1;2;6,4;MID;Prio 2 GUT;;Risikobewertung: Gutachter-Projekte
L;66;66.2;66.22;Activities of insurance agents and brokers;;1;1;1;1;1;2;3,8;LO;Niedrig;;Versicherungsagenten
L;66;66.2;66.29;Other activities auxiliary to insurance and pension funding;;1;1;1;1;1;2;3,8;LO;Niedrig;;Versicherungsauxiliar
L;66;66.3;66.30;Fund management activities;;1;1;1;1;1;2;3,8;LO;Niedrig;;Fondsverwaltung
ABSCHNITT M – Real Estate;;;;;;;;;;;;;;;;
;Abt. 68;;;;;;;;;;;;;;;
M;68;68.1;68.10;Buying and selling of own real estate;;1;2;2;1;1;2;5,1;MID;Pruefen;;Immobilienhandel
M;68;68.2;68.20;Renting and operating of own or leased real estate;;2;2;2;2;2;2;6,7;MID;Prio 2 GUT;;Gewerbeimmobilien: Industriepark-Engineering
M;68;68.3;68.31;Real estate agencies;;1;1;1;1;1;2;3,8;LO;Niedrig;;Makler
M;68;68.3;68.32;Management of real estate on a fee or contract basis;;2;2;2;2;2;2;6,7;MID;Prio 2 GUT;;Facility Management: teils Engineering
ABSCHNITT N – Professional, Scientific, Technical;;;;;;;;;;;;;;;;
;Abt. 69;;;;;;;;;;;;;;;
N;69;69.1;69.10;Legal activities;;1;2;2;2;2;2;5,8;MID;Pruefen;;Rechtsberatung: Projekt-Mandate moeglich
N;69;69.2;69.20;"Accounting, bookkeeping and auditing activities; tax consultancy";;1;1;1;2;2;2;4,6;MID;Pruefen;;Wirtschaftspruefung: Projekteinsaetze
;Abt. 70;;;;;;;;;;;;;;;
N;70;70.1;70.10;Activities of head offices;;1;1;1;1;1;2;3,8;LO;Niedrig;;Holding/Zentrale
N;70;70.2;70.21;Public relations and communication activities;;1;1;1;2;1;2;4,3;MID;Pruefen;;PR: Projektkampagnen
N;70;70.2;70.22;Business and other management consultancy activities;;2;2;2;2;3;2;6,9;MID;Prio 2 GUT;;Management Consulting: Kunden gelegentlich | Management Consulting: Vollservice-Gefahr
;Abt. 71;;;;;;;;;;;;;;;
N;71;71.1;71.11;Architectural activities;;2;3;3;2;3;2;8,2;HI;Prio 1 TOP;;Architektur: Kunden sind Bauherren, Einmal-Buyer | Architektur: Industriebau-Planung
N;71;71.1;71.12;Engineering activities and related technical consultancy;;3;3;3;3;3;3;10,0;HI;Prio 1 TOP;;Ingenieurbueros: Kunden sind Industrieunternehmen mit seltenen Projekten – KERN-MARKT | KERN: Alle Ingenieurbueros
N;71;71.2;71.20;Technical testing and analysis;;3;3;3;3;3;3;10,0;HI;Prio 1 TOP;;Pruef-/Testlabore: Kunden sind Industrie/Medtech, selten und fragmentierter Anbietermarkt – KERN-SUPPLIER | KERN: Pruef-/Testlabore
;Abt. 72;;;;;;;;;;;;;;;
N;72;72.1;72.11;Research and experimental development on biotechnology;;3;3;3;3;2;2;9,2;HI;Prio 1 TOP;;Biotech F&E: Kunden sind Pharma/Startup, selten | Biotech R&D: Supplier fuer Pharma
N;72;72.1;72.19;Other research and experimental development on natural sciences;;2;3;3;2;2;2;7,9;HI;Prio 2 GUT;;F&E-Dienstleister: Kunden sind Industrie, selten | F&E-Dienstleister
N;72;72.2;72.20;Research and experimental development on social sciences;;1;2;2;1;1;2;5,1;MID;Pruefen;;Sozialwiss. F&E: wenig B2B-Projektmarkt
;Abt. 73;;;;;;;;;;;;;;;
N;73;73.1;73.11;Advertising agencies;;2;2;2;2;2;2;6,7;MID;Prio 2 GUT;;Werbeagentur: Kampagnen-Projekte fuer B2B
N;73;73.1;73.12;Media representation;;1;1;1;1;1;2;3,8;LO;Niedrig;;Mediaagentur
N;73;73.2;73.20;Market research and public opinion polling;;2;2;2;2;2;2;6,7;MID;Prio 2 GUT;;Marktforschung: B2B-Projekte
;Abt. 74;;;;;;;;;;;;;;;
N;74;74.1;74.10;Specialised design activities;;2;2;2;2;2;2;6,7;MID;Prio 2 GUT;;Industriedesign: Kunden teils Einzel-Projekt | Industriedesign: Produktentwicklungs-Projekte
N;74;74.2;74.20;Photographic activities;;1;2;2;2;1;2;5,6;MID;Pruefen;;Fotografie: Produktfotografie B2B
N;74;74.3;74.30;Translation and interpretation activities;;1;2;2;2;1;2;5,6;MID;Pruefen;;Uebersetzung: Projektgeschaeft
N;74;74.9;74.90;Other professional, scientific and technical activities n.e.c.;;2;2;2;2;2;2;6,7;MID;Prio 2 GUT;;Sonstige techn. Dienstleistungen
;Abt. 75;;;;;;;;;;;;;;;
N;75;75.0;75.00;Veterinary activities;;1;2;2;2;1;2;5,6;MID;Pruefen;;Veterinaer: Bestandsbetreuung als Projekt
ABSCHNITT O – Administrative and Support;;;;;;;;;;;;;;;;
;Abt. 77;;;;;;;;;;;;;;;
O;77;77.1;77.11;Renting and leasing of cars and light motor vehicles;;1;1;1;1;1;2;3,8;LO;Niedrig;;Autovermietung
O;77;77.1;77.12;Renting and leasing of trucks;;1;1;1;1;1;2;3,8;LO;Niedrig;;LKW-Vermietung
O;77;77.2;77.21;Renting and leasing of recreational and sports goods;;1;1;1;1;1;2;3,8;LO;Niedrig;;Sportgeraetvermietung
O;77;77.2;77.22;Renting of video tapes and disks;;1;1;1;1;1;2;3,8;LO;Niedrig;;Medienvermietung
O;77;77.2;77.29;Renting and leasing of other personal and household goods;;1;1;1;1;1;2;3,8;LO;Niedrig;;Sonstige Vermietung
O;77;77.3;77.31;Renting and leasing of agricultural machinery and equipment;;1;2;2;2;1;2;5,6;MID;Pruefen;;Agrarmaschinenvermietung
O;77;77.3;77.32;Renting and leasing of construction and civil engineering machinery;;1;2;2;2;2;2;5,8;MID;Pruefen;;Baumaschinen-Vermietung
O;77;77.3;77.33;Renting and leasing of office machinery and equipment;;1;1;1;1;1;2;3,8;LO;Niedrig;;Bueromaschinen
O;77;77.3;77.34;Renting and leasing of water transport equipment;;1;2;2;1;1;2;5,1;MID;Pruefen;;Schiffsvermietung
O;77;77.3;77.35;Renting and leasing of air transport equipment;;1;2;2;1;1;2;5,1;MID;Pruefen;WARNUNG;WARNUNG: Teils öffentlich – nur privaten Anteil betrachten | Flugzeugvermietung
O;77;77.3;77.39;Renting and leasing of other machinery, equipment and tangible goods;;2;2;2;2;2;2;6,7;MID;Prio 2 GUT;;Industrieausruestung: Kunden gelegentlich | Industrieausruestungs-Vermietung
O;77;77.4;77.40;Leasing of intellectual property;;1;1;1;1;1;2;3,8;LO;Niedrig;;IP-Leasing
;Abt. 78;;;;;;;;;;;;;;;
O;78;78.1;78.10;Activities of employment placement agencies;;1;2;2;2;2;2;5,8;MID;Pruefen;;Personalvermittlung: B2B-Projekte
O;78;78.2;78.20;Temporary employment agency activities;;1;2;2;2;2;2;5,8;MID;Pruefen;;Zeitarbeit
O;78;78.3;78.30;Other human resources provision;;2;2;2;2;2;2;6,7;MID;Prio 2 GUT;;HR-Projekte: Personalentwicklungs-Projekte
;Abt. 79;;;;;;;;;;;;;;;
O;79;79.1;79.11;Travel agency activities;;1;1;1;1;1;2;3,8;LO;Niedrig;;Reisebuero
O;79;79.1;79.12;Tour operator activities;;1;1;1;1;1;2;3,8;LO;Niedrig;;Reiseveranstalter
O;79;79.9;79.90;Other reservation service and related activities;;1;1;1;1;1;2;3,8;LO;Niedrig;;Reservierungsdienste
;Abt. 80;;;;;;;;;;;;;;;
O;80;80.1;80.10;Private security activities;;1;1;1;2;1;2;4,3;MID;Pruefen;;Sicherheitsdienst
O;80;80.2;80.20;Security systems service activities;;2;2;2;2;2;2;6,7;MID;Prio 2 GUT;;Sicherheitstechnik-Engineering
O;80;80.3;80.30;Investigation activities;;1;2;2;1;1;2;5,1;MID;Pruefen;;Detektive
;Abt. 81;;;;;;;;;;;;;;;
O;81;81.1;81.10;Combined facilities support activities;;2;2;2;2;2;2;6,7;MID;Prio 2 GUT;;Facility Services
O;81;81.2;81.21;General cleaning of buildings;;1;1;1;1;1;2;3,8;LO;Niedrig;;Gebaeudereinigung
O;81;81.2;81.22;Other building and industrial cleaning activities;;2;2;2;2;2;2;6,7;MID;Prio 2 GUT;;Industriereinigung: Kunden gelegentlich | Industriereinigung: Reinraum
O;81;81.2;81.29;Other cleaning activities;;1;1;1;1;1;2;3,8;LO;Niedrig;;Sonstige Reinigung
O;81;81.3;81.30;Landscape service activities;;1;2;2;1;1;2;5,1;MID;Pruefen;;Gartengestaltung
;Abt. 82;;;;;;;;;;;;;;;
O;82;82.1;82.11;Combined office administrative service activities;;1;1;1;1;1;2;3,8;LO;Niedrig;;Burodienstleistungen
O;82;82.1;82.12;Photocopying, document preparation and other specialised office support;;1;1;1;1;1;2;3,8;LO;Niedrig;;Dokumentenmanagement
O;82;82.2;82.20;Activities of call centres;;1;2;2;1;1;2;5,1;MID;Pruefen;;Callcenter
O;82;82.3;82.30;Organisation of conventions and trade shows;;2;2;2;2;1;2;6,4;MID;Prio 2 GUT;;Messen: Engineering-Standbau
O;82;82.9;82.91;Activities of collection agencies and credit bureaus;;1;1;1;1;1;2;3,8;LO;Niedrig;;Inkasso
O;82;82.9;82.92;Packaging activities;;2;2;2;2;1;2;6,4;MID;Prio 2 GUT;;Verpackungsdienstleister
O;82;82.9;82.99;Other business support service activities n.e.c.;;1;2;2;2;2;2;5,8;MID;Pruefen;;Beschaffungsberatung
ABSCHNITT P – Public Administration;;;;;;;;;;;;;;;;
;Abt. 84;;;;;;;;;;;;;;;
P;84;84.1;84.11;General public administration activities;;1;1;1;1;1;2;0,0;KO;AUSGESCHLOSSEN;KO;AUSGESCHLOSSEN: Vollstaendig oeffentliches Vergaberecht
P;84;84.1;84.12;Regulation of health care, education, cultural services;;1;1;1;1;1;2;0,0;KO;AUSGESCHLOSSEN;KO;AUSGESCHLOSSEN: Vollstaendig oeffentliches Vergaberecht
P;84;84.1;84.13;Regulation of and contribution to more efficient operation of businesses;;1;1;1;1;1;2;0,0;KO;AUSGESCHLOSSEN;KO;AUSGESCHLOSSEN: Vollstaendig oeffentliches Vergaberecht
P;84;84.2;84.21;Foreign affairs;;1;1;1;1;1;2;0,0;KO;AUSGESCHLOSSEN;KO;AUSGESCHLOSSEN: Vollstaendig oeffentliches Vergaberecht
P;84;84.2;84.22;Defence activities;;3;2;2;2;3;2;7,8;HI;Prio 2 GUT;WARNUNG;Defence: Kunden teils offentlich | WARNUNG: Teils öffentlich – nur privaten Anteil betrachten | Defence: EU-Aufruestung, oeffentlich (C5=1)
P;84;84.2;84.23;Justice and judicial activities;;1;1;1;1;1;2;0,0;KO;AUSGESCHLOSSEN;KO;AUSGESCHLOSSEN: Vollstaendig oeffentliches Vergaberecht
P;84;84.2;84.24;Public order and safety activities;;2;1;1;1;2;2;0,0;KO;AUSGESCHLOSSEN;KO;AUSGESCHLOSSEN: Vollstaendig oeffentliches Vergaberecht
P;84;84.2;84.25;Fire service activities;;2;1;1;1;2;2;0,0;KO;AUSGESCHLOSSEN;KO;AUSGESCHLOSSEN: Vollstaendig oeffentliches Vergaberecht
P;84;84.3;84.30;Compulsory social security activities;;1;1;1;1;1;2;0,0;KO;AUSGESCHLOSSEN;KO;AUSGESCHLOSSEN: Vollstaendig oeffentliches Vergaberecht
ABSCHNITT Q – Education;;;;;;;;;;;;;;;;
;Abt. 85;;;;;;;;;;;;;;;
Q;85;85.1;85.10;Pre-primary education;;1;2;2;1;1;2;5,1;MID;Pruefen;WARNUNG;WARNUNG: Teils öffentlich – nur privaten Anteil betrachten | Kindergarten: Bau-Projekte
Q;85;85.2;85.20;Primary education;;1;1;1;1;1;2;0,0;KO;AUSGESCHLOSSEN;KO;AUSGESCHLOSSEN: Vollstaendig oeffentliches Vergaberecht
Q;85;85.3;85.31;General secondary education;;1;1;1;1;1;2;0,0;KO;AUSGESCHLOSSEN;KO;AUSGESCHLOSSEN: Vollstaendig oeffentliches Vergaberecht
Q;85;85.3;85.32;Technical and vocational secondary education;;2;2;2;2;1;2;6,4;MID;Prio 2 GUT;WARNUNG;WARNUNG: Teils öffentlich – nur privaten Anteil betrachten | Berufsschule: Labor-Ausstattung
Q;85;85.4;85.41;Post-secondary non-tertiary education;;1;1;1;1;1;2;3,8;LO;Niedrig;WARNUNG;WARNUNG: Teils öffentlich – nur privaten Anteil betrachten | Fachschule
Q;85;85.4;85.42;Tertiary education;;2;2;2;2;2;2;6,7;MID;Prio 2 GUT;WARNUNG;WARNUNG: Teils öffentlich – nur privaten Anteil betrachten | Universitaet: Forschungsgebaeude, Labor-Engineering
Q;85;85.5;85.51;Sports and recreation education;;1;1;1;1;1;2;3,8;LO;Niedrig;;Sportunterricht
Q;85;85.5;85.52;Cultural education;;1;1;1;1;1;2;3,8;LO;Niedrig;;Kulturbildung
Q;85;85.5;85.53;Driving school activities;;1;1;1;1;1;2;3,8;LO;Niedrig;;Fahrschule
Q;85;85.5;85.59;Other education n.e.c.;;1;2;2;2;1;2;5,6;MID;Pruefen;;Technische Schulung: Supplier-Training
Q;85;85.6;85.60;Educational support activities;;1;1;1;1;1;2;3,8;LO;Niedrig;;Bildungsunterstuetzung
ABSCHNITT R – Human Health and Social Work;;;;;;;;;;;;;;;;
;Abt. 86;;;;;;;;;;;;;;;
R;86;86.1;86.10;Hospital activities;;3;2;2;2;3;2;7,8;HI;Prio 2 GUT;WARNUNG;Klinik: Kunden fuer Klinik-Engineering sind Traeger, gelegentlich | WARNUNG: Teils öffentlich – nur privaten Anteil betrachten | Krankenhausbau: private Kliniken offen
R;86;86.2;86.21;General medical practice activities;;1;3;3;2;1;2;6,8;MID;Prio 2 GUT;;Arztpraxis: Einzel-Buyer fuer Ausstattung/Umbau | Arztpraxis: Praxiseinrichtung
R;86;86.2;86.22;Specialist medical practice activities;;2;3;3;2;2;2;7,9;HI;Prio 2 GUT;;Facharzt: Einzel-Buyer | Facharztpraxis: Labor-Ausstattung
R;86;86.2;86.23;Dental practice activities;;1;3;3;2;1;2;6,8;MID;Prio 2 GUT;;Zahnarzt: Einzel-Buyer | Zahnarzt: Praxiseinrichtung
R;86;86.9;86.90;Other human health activities;;2;3;3;3;2;2;8,4;HI;Prio 1 TOP;;Spezialkliniken: Einzel-Buyer fuer Engineering | Spezialkliniken: privat, Engineering-Bedarf
;Abt. 87;;;;;;;;;;;;;;;
R;87;87.1;87.10;Residential nursing care activities;;2;2;2;2;2;2;6,7;MID;Prio 2 GUT;;Pflegeheim
R;87;87.2;87.20;Residential care activities for mental retardation, mental health;;1;2;2;2;1;2;5,6;MID;Pruefen;WARNUNG;WARNUNG: Teils öffentlich – nur privaten Anteil betrachten | Psychiatrische Einrichtungen
R;87;87.3;87.30;Residential care activities for the elderly and disabled;;2;3;3;3;2;2;8,4;HI;Prio 1 TOP;;Pflegeheim: Kunden/Traeger sind Einzel-Investor, Einmal-Buyer | Pflegeheim-Bau: privater Markt waechst
R;87;87.9;87.90;Other residential care activities;;1;2;2;2;1;2;5,6;MID;Pruefen;;Sonstige Pflege
;Abt. 88;;;;;;;;;;;;;;;
R;88;88.1;88.10;Social work activities without accommodation for elderly;;1;1;1;1;1;2;3,8;LO;Niedrig;WARNUNG;WARNUNG: Teils öffentlich – nur privaten Anteil betrachten | Soziale Dienste
R;88;88.9;88.91;Child day-care activities;;1;2;2;1;1;2;5,1;MID;Pruefen;WARNUNG;WARNUNG: Teils öffentlich – nur privaten Anteil betrachten | Kita
R;88;88.9;88.99;Other social work activities without accommodation n.e.c.;;1;1;1;1;1;2;3,8;LO;Niedrig;WARNUNG;WARNUNG: Teils öffentlich – nur privaten Anteil betrachten | Sozialarbeit
ABSCHNITT S – Arts, Sports, Recreation;;;;;;;;;;;;;;;;
;Abt. 90;;;;;;;;;;;;;;;
S;90;90.0;90.01;Performing arts;;2;2;2;2;1;2;6,4;MID;Prio 2 GUT;;Theater: Buehnen-/Technik-Projekte
S;90;90.0;90.02;Support activities to performing arts;;2;2;2;2;1;2;6,4;MID;Prio 2 GUT;;Buehnen-Technik: Dienstleister
S;90;90.0;90.03;Artistic creation;;2;2;2;2;1;2;6,4;MID;Prio 2 GUT;;Kuenstler: Auftragskunst fuer Unternehmen
S;90;90.0;90.04;Operation of arts facilities;;2;2;2;2;1;2;6,4;MID;Prio 2 GUT;;Kunsthalle: privat finanziert
;Abt. 91;;;;;;;;;;;;;;;
S;91;91.0;91.01;Library and archives activities;;1;1;1;1;1;2;0,0;KO;AUSGESCHLOSSEN;KO;AUSGESCHLOSSEN: Vollstaendig oeffentliches Vergaberecht
S;91;91.0;91.02;Museums activities;;2;2;2;2;1;2;6,4;MID;Prio 2 GUT;WARNUNG;WARNUNG: Teils öffentlich – nur privaten Anteil betrachten | Museen: Ausstattungs-Projekte
S;91;91.0;91.03;Operation of historical sites and buildings;;2;2;2;2;1;2;6,4;MID;Prio 2 GUT;WARNUNG;WARNUNG: Teils öffentlich – nur privaten Anteil betrachten | Historische Staetten: Restaurierung
S;91;91.0;91.04;Botanical and zoological gardens and nature reserves;;2;2;2;2;1;2;6,4;MID;Prio 2 GUT;WARNUNG;WARNUNG: Teils öffentlich – nur privaten Anteil betrachten | Zoos: Engineering-Projekte
;Abt. 92;;;;;;;;;;;;;;;
S;92;92.0;92.00;Gambling and betting activities;;1;2;2;1;1;2;5,1;MID;Pruefen;;Gluecksspiel: IT-Systeme
;Abt. 93;;;;;;;;;;;;;;;
S;93;93.1;93.11;Operation of sports facilities;;2;2;2;2;2;2;6,7;MID;Prio 2 GUT;;Sportstaette: Kunden teils Einzel-Investor | Sportstaedte: privat
S;93;93.1;93.12;Activities of sport clubs;;1;2;2;2;1;2;5,6;MID;Pruefen;;Sportvereine
S;93;93.1;93.13;Fitness facilities;;1;2;2;2;1;2;5,6;MID;Pruefen;;Fitnessstudios
S;93;93.1;93.19;Other sports activities;;1;1;1;1;1;2;3,8;LO;Niedrig;;Sonstige Sport
S;93;93.2;93.21;Activities of amusement parks and theme parks;;2;3;3;2;2;2;7,9;HI;Prio 2 GUT;;Freizeitpark: Kunden sind Einzel-Investor, sehr selten | Freizeitpark: Engineering-Projekte
S;93;93.2;93.29;Other amusement and recreation activities;;1;2;2;1;1;2;5,1;MID;Pruefen;;Sonstige Freizeit
ABSCHNITT T – Other Services;;;;;;;;;;;;;;;;
;Abt. 94;;;;;;;;;;;;;;;
T;94;94.1;94.11;Activities of business and employers membership organisations;;1;1;1;1;1;2;3,8;LO;Niedrig;;Arbeitgeberverband
T;94;94.1;94.12;Activities of professional membership organisations;;1;1;1;1;1;2;3,8;LO;Niedrig;;Berufsverband
T;94;94.2;94.20;Activities of trade unions;;1;1;1;1;1;2;3,8;LO;Niedrig;;Gewerkschaft
T;94;94.9;94.91;Activities of religious organisations;;2;2;2;2;1;2;6,4;MID;Prio 2 GUT;;Kirchen: Bau-Projekte
T;94;94.9;94.92;Activities of political organisations;;1;1;1;1;1;2;3,8;LO;Niedrig;;Parteien
T;94;94.9;94.99;Activities of other membership organisations n.e.c.;;1;1;1;1;1;2;3,8;LO;Niedrig;;Sonstige Verbande
;Abt. 95;;;;;;;;;;;;;;;
T;95;95.1;95.11;Repair of computers and peripheral equipment;;1;2;2;2;1;2;5,6;MID;Pruefen;;Computerreparatur
T;95;95.1;95.12;Repair of communication equipment;;1;2;2;2;1;2;5,6;MID;Pruefen;;Kommunikationsgeraete
T;95;95.2;95.21;Repair of consumer electronics;;1;1;1;1;1;2;3,8;LO;Niedrig;;Elektronik-Reparatur
T;95;95.2;95.22;Repair of household appliances and home and garden equipment;;1;1;1;1;1;2;3,8;LO;Niedrig;;Haushaltsgeraete
T;95;95.2;95.23;Repair of footwear and leather goods;;1;1;1;1;1;2;3,8;LO;Niedrig;;Schuhreperatur
T;95;95.2;95.24;Repair of furniture and home furnishings;;1;1;1;1;1;2;3,8;LO;Niedrig;;Moebelreparatur
T;95;95.2;95.25;Repair of watches, clocks and jewellery;;1;2;2;1;1;2;5,1;MID;Pruefen;;Uhrmacher
T;95;95.2;95.29;Repair of other personal and household goods;;1;1;1;1;1;2;3,8;LO;Niedrig;;Sonstige Reparatur
;Abt. 96;;;;;;;;;;;;;;;
T;96;96.0;96.01;Washing and (dry-)cleaning of textile and fur products;;1;2;2;1;1;2;5,1;MID;Pruefen;;Waescherei
T;96;96.0;96.02;Hairdressing and other beauty treatment;;1;1;1;1;1;2;3,8;LO;Niedrig;;Friseur
T;96;96.0;96.03;Funeral and related activities;;1;2;2;1;1;2;5,1;MID;Pruefen;;Bestattung
T;96;96.0;96.04;Physical well-being activities;;1;1;1;1;1;2;3,8;LO;Niedrig;;Wellnesseinrichtungen
T;96;96.0;96.09;Other personal service activities n.e.c.;;1;1;1;1;1;2;3,8;LO;Niedrig;;Sonstige persoenliche Dienste
ABSCHNITT U – Households;;;;;;;;;;;;;;;;
;Abt. 97;;;;;;;;;;;;;;;
U;97;97.0;97.00;Activities of households as employers of domestic personnel;;0;0;0;0;0;0;0,0;---;---;;Private Haushalte: kein B2B
;Abt. 98;;;;;;;;;;;;;;;
U;98;98.1;98.10;Undifferentiated goods-producing activities of private households;;0;0;0;0;0;0;0,0;---;---;;Private Haushalte
U;98;98.2;98.20;Undifferentiated service-producing activities of private households;;0;0;0;0;0;0;0,0;---;---;;Private Haushalte
ABSCHNITT V – Extraterritorial Organisations;;;;;;;;;;;;;;;;
;Abt. 99;;;;;;;;;;;;;;;
V;99;99.0;99.00;Activities of extraterritorial organisations and bodies;;0;0;0;0;0;0;0,0;---;---;;Exterritorial: kein Markt