AGV/AMR Criteria;;Example ansers;DEMATIC Tugger AGV;DEMATIC Freezer AGV;GEEK+ P500;GEEK+ RS11-DX;GEEK+ M200C;GEEK+ F12ML;GEEK+ S20C-A-2;BALYO VEENY;BALYO REACHY;BALYO LOWY CB;BALYO LOWY;BALYO LOWY HD;STILL LTX 50 iGo;STILL EXV iGo;STILL FM-X iGo;STILL MX-X iGo;STILL AXV 12 iGo;ELECTRIC80 TRILATERAL LGV;ELECTRIC80 REACH LGV;ELECTRIC80 QUAD LGV;ELECTRIC80 ELEPHANT LGV;ELECTRIC80 UNICORN LGV;JBT ATL;JBT JayBoT;JBT ATLIS 3000;JBT Counterbalance;TOYOTA Mouse and Mole;TOYOTA Core Tow Tractor;TOYOTA CB18;TOYOTA M10 Tug AV;TOYOTA ML2 Mini Load AV;MiR MiR250;MiR MiR600;MiR MiR1350;MiR MiR1200 Pallet Jack;AGILOX ONE;AGILOX OCF;AGILOX ODM;AGILOX OFL;AGILOX OPS
Company Name;;AGV Company;DEMATIC;DEMATIC;GEEK+;GEEK+;GEEK+;GEEK+;GEEK+;Balyo;Balyo;Balyo;Balyo;Balyo;Still;Still;Still;Still;Still;Electric80;Electric80;Electric80;Electric80;Electric80;JBT;JBT;JBT;JBT;Toyota;Toyota;Toyota;Toyota;Toyota;MiR;MiR;MiR;MiR;AGILOX;AGILOX;AGILOX;AGILOX;AGILOX
Origin;;Estonia;United States   ;United States   ;China   ;China   ;China   ;China   ;China   ;France   ;France   ;France   ;France   ;France   ;Germany   ;Germany   ;Germany   ;Germany   ;Germany   ;Italy   ;Italy   ;Italy   ;Italy   ;Italy   ;United States   ;United States   ;United States   ;United States   ;United States   ;United States   ;United States   ;United States   ;United States   ;Denmark   ;Denmark   ;Denmark   ;Denmark   ;Austria   ;Austria   ;Austria   ;Austria   ;Austria   
Website;;www.agv.com;www.dematic.com   ;www.dematic.com   ;www.geekplus.com   ;www.geekplus.com   ;www.geekplus.com   ;www.geekplus.com   ;www.geekplus.com   ;www.balyo.com   ;www.balyo.com   ;www.balyo.com   ;www.balyo.com   ;www.balyo.com   ;www.still.de   ;www.still.de   ;www.still.de   ;www.still.de   ;www.still.de   ;www.e80group.com   ;www.e80group.com   ;www.e80group.com   ;www.e80group.com   ;www.e80group.com   ;www.jbtc.com   ;www.jbtc.com   ;www.jbtc.com   ;www.jbtc.com   ;www.toyotaforklift.com   ;www.toyotaforklift.com   ;www.toyotaforklift.com   ;www.toyotaforklift.com   ;www.toyotaforklift.com   ;www.mobile-industrial-robots.com   ;www.mobile-industrial-robots.com   ;www.mobile-industrial-robots.com   ;www.mobile-industrial-robots.com   ;www.agilox.net   ;www.agilox.net   ;www.agilox.net   ;www.agilox.net   ;www.agilox.net   
Email Address;;sales@agv.com;N/A;N/A;N/A;N/A;N/A;N/A;N/A;N/A;N/A;N/A;N/A;N/A;N/A;N/A;N/A;N/A;N/A;N/A;N/A;N/A;N/A;N/A;N/A;N/A;N/A;N/A;N/A;N/A;N/A;N/A;N/A;N/A;N/A;N/A;N/A;N/A;N/A;N/A;N/A;N/A
Contact Name;;Jack Sales;N/A;N/A;N/A;N/A;N/A;N/A;N/A;N/A;N/A;N/A;N/A;N/A;N/A;N/A;N/A;N/A;N/A;N/A;N/A;N/A;N/A;N/A;N/A;N/A;N/A;N/A;N/A;N/A;N/A;N/A;N/A;N/A;N/A;N/A;N/A;N/A;N/A;N/A;N/A;N/A
Sector;;Automation and Intralogistics;Intelligent intralogistics & Material Handling Solutions   ;Intelligent intralogistics & Material Handling Solutions   ;Mobile Robotics   ;Mobile Robotics   ;Mobile Robotics   ;Mobile Robotics   ;Mobile Robotics   ;Mobile Robotics   ;Mobile Robotics   ;Mobile Robotics   ;Mobile Robotics   ;Mobile Robotics   ;Intralogistics   ;Intralogistics   ;Intralogistics   ;Intralogistics   ;Intralogistics   ;Intralogistics / Automated Logistics Solutions   ;Intralogistics / Automated Logistics Solutions   ;Intralogistics / Automated Logistics Solutions   ;Intralogistics / Automated Logistics Solutions   ;Intralogistics / Automated Logistics Solutions   ;Automated Systems   ;Automated Systems   ;Automated Systems   ;Automated Systems   ;Material Handling   ;Material Handling   ;Material Handling   ;Material Handling   ;Material Handling   ;Mobile Robotics   ;Mobile Robotics   ;Mobile Robotics   ;Mobile Robotics   ;Mobile Robotics   ;Mobile Robotics   ;Mobile Robotics   ;Mobile Robotics   ;Mobile Robotics   
Sub Sector;;Mobile Robotics;N/A;N/A;N/A;N/A;N/A;N/A;N/A;N/A;N/A;N/A;N/A;N/A;N/A;N/A;N/A;N/A;N/A;N/A;N/A;N/A;N/A;N/A;N/A;N/A;N/A;N/A;N/A;N/A;N/A;N/A;N/A;N/A;N/A;N/A;N/A;N/A;N/A;N/A;N/A;N/A
Place of operation;;Europe;Worldwide   ;Worldwide   ;Worldwide (40+ countries)   ;Worldwide (40+ countries)   ;Worldwide (40+ countries)   ;Worldwide (40+ countries)   ;Worldwide (40+ countries)   ;Worldwide (USA, Singapore, China, Australia)   ;Worldwide (USA, Singapore, China, Australia)   ;Worldwide (USA, Singapore, China, Australia)   ;Worldwide (USA, Singapore, China, Australia)   ;Worldwide (USA, Singapore, China, Australia)   ;Worldwide   ;Worldwide   ;Worldwide   ;Worldwide   ;Worldwide   ;Worldwide   ;Worldwide   ;Worldwide   ;Worldwide   ;Worldwide   ;Worldwide (25+ countries)   ;Worldwide (25+ countries)   ;Worldwide (25+ countries)   ;Worldwide (25+ countries)   ;United States   ;United States   ;United States   ;United States   ;United States   ;Worldwide (60 countries)   ;Worldwide (60 countries)   ;Worldwide (60 countries)   ;Worldwide (60 countries)   ;Worldwide (incl. US, China, Germany, France)   ;Worldwide (incl. US, China, Germany, France)   ;Worldwide (incl. US, China, Germany, France)   ;Worldwide (incl. US, China, Germany, France)   ;Worldwide (incl. US, China, Germany, France)   
OEM;;Hyster Yale;N/A;N/A;N/A;N/A;N/A;N/A;N/A;"Linde Material Handling; Hyster-Yale Group   ";"Linde Material Handling; Hyster-Yale Group   ";"Linde Material Handling; Hyster-Yale Group   ";"Linde Material Handling; Hyster-Yale Group   ";"Linde Material Handling; Hyster-Yale Group   ";N/A;N/A;N/A;N/A;N/A;N/A;N/A;N/A;N/A;N/A;N/A;N/A;N/A;N/A;Internal (Toyota Industrial Equipment Mfg.)   ;Internal (Toyota Industrial Equipment Mfg.)   ;Internal (Toyota Industrial Equipment Mfg.)   ;Internal (Toyota Industrial Equipment Mfg.)   ;Internal (Toyota Industrial Equipment Mfg.)   ;N/A;N/A;N/A;N/A;N/A;N/A;N/A;N/A;N/A
Full Integration;;"AGV only; full warehouse";Full supply chain automation   ;Full supply chain automation   ;One-stop partner for warehouse robotics   ;One-stop partner for warehouse robotics   ;One-stop partner for warehouse robotics   ;One-stop partner for warehouse robotics   ;One-stop partner for warehouse robotics   ;Fully automated operation   ;Fully automated operation   ;Fully automated operation   ;Fully automated operation   ;Fully automated operation   ;Complete automated material flow   ;Complete automated material flow   ;Complete automated material flow   ;Complete automated material flow   ;Complete automated material flow   ;End-to-end automation solutions   ;End-to-end automation solutions   ;End-to-end automation solutions   ;End-to-end automation solutions   ;End-to-end automation solutions   ;Integrated software suite (mōt.OS)   ;Integrated software suite (mōt.OS)   ;Integrated software suite (mōt.OS)   ;Integrated software suite (mōt.OS)   ;Full-line solutions provider   ;Full-line solutions provider   ;Full-line solutions provider   ;Full-line solutions provider   ;Full-line solutions provider   ;Automates internal transportation   ;Automates internal transportation   ;Automates internal transportation   ;Automates internal transportation   ;Automated intralogistics with swarm intelligence   ;Automated intralogistics with swarm intelligence   ;Automated intralogistics with swarm intelligence   ;Automated intralogistics with swarm intelligence   ;Automated intralogistics with swarm intelligence   
Typical installation size;;2M;N/A;N/A;N/A;N/A;N/A;N/A;N/A;N/A;N/A;N/A;N/A;N/A;N/A;N/A;N/A;N/A;N/A;N/A;N/A;N/A;N/A;N/A;N/A;N/A;N/A;N/A;N/A;N/A;N/A;N/A;N/A;N/A;N/A;N/A;N/A;N/A;N/A;N/A;N/A;N/A
Client modification of system;;yes - full installation, partial, no;N/A;N/A;N/A;N/A;N/A;N/A;N/A;Yes - dual driving mode (manual/automatic)   ;Yes - dual driving mode (manual/automatic)   ;Yes - dual driving mode (manual/automatic)   ;Yes - dual driving mode (manual/automatic)   ;Yes - dual driving mode (manual/automatic)   ;Yes - dual operation (manual/automatic)   ;Yes - dual operation (manual/automatic)   ;Yes - dual operation (manual/automatic)   ;Yes - dual operation (manual/automatic)   ;Yes - dual operation (manual/automatic)   ;N/A;N/A;N/A;N/A;N/A;N/A;N/A;N/A;N/A;Yes - route programming via Excel   ;Yes - route programming via Excel   ;Yes - route programming via Excel   ;Yes - route programming via Excel   ;Yes - route programming via Excel   ;Modular design with top modules   ;Modular design with top modules   ;Modular design with top modules   ;Modular design with top modules   ;Yes - Plug & Perform technology   ;Yes - Plug & Perform technology   ;Yes - Plug & Perform technology   ;Yes - Plug & Perform technology   ;Yes - Plug & Perform technology   
Navigation;;"Reflectors; Slam; Floor Markings";N/A;N/A;"QR Code Navigation; Laser SLAM; Vision; Natural   ";"QR Code Navigation; Laser SLAM; Vision; Natural   ";"QR Code Navigation; Laser SLAM; Vision; Natural   ";"QR Code Navigation; Laser SLAM; Vision; Natural   ";"QR Code Navigation; Laser SLAM; Vision; Natural   ";"Infrastructure-free; SLAM with LIDAR   ";"Infrastructure-free; SLAM with LIDAR   ";"Infrastructure-free; SLAM with LIDAR   ";"Infrastructure-free; SLAM with LIDAR   ";"Infrastructure-free; SLAM with LIDAR   ";"Laser scanner; Modern navigation technologies   ";"Laser scanner; Modern navigation technologies   ";"Laser scanner; Modern navigation technologies   ";"Laser scanner; Modern navigation technologies   ";"Laser scanner; Modern navigation technologies   ";"Laser-Guided Vehicles (LGVs); 3D Mapping   ";"Laser-Guided Vehicles (LGVs); 3D Mapping   ";"Laser-Guided Vehicles (LGVs); 3D Mapping   ";"Laser-Guided Vehicles (LGVs); 3D Mapping   ";"Laser-Guided Vehicles (LGVs); 3D Mapping   ";"Natural Feature; Laser; Rail; Deep Lane   ";"Natural Feature; Laser; Rail; Deep Lane   ";Laser   ;"Natural Feature; Laser; Rail; Deep Lane   ";Magnetic Tape Guidance   ;LIDAR-based Natural Features Navigation   ;LIDAR-based Natural Features Navigation   ;LIDAR-based Natural Features Navigation   ;LIDAR-based Natural Features Navigation   ;"Cameras; Sensors; Laser scanners; SLAM   ";"Cameras; Sensors; Laser scanners; SLAM   ";"Cameras; Sensors; Laser scanners; SLAM   ";"Cameras; Sensors; Laser scanners; SLAM   ";"X-SWARM Technology; Decentralized swarm intelligence; LIDAR; Laser scanner   ";"X-SWARM Technology; Decentralized swarm intelligence; LIDAR; Laser scanner   ";"X-SWARM Technology; Decentralized swarm intelligence; LIDAR; Laser scanner   ";"X-SWARM Technology; Decentralized swarm intelligence; LIDAR; Laser scanner   ";"X-SWARM Technology; Decentralized swarm intelligence; LIDAR; Laser scanner   "
Vehicle Types;;"""Picking AMR""; ""Underride AMR""; ""Stacker""; ""Reach Truck""; ""VNA""; ""tugger""; ""front picker""";Tugger AGVs   ;Freezer AGVs   ;P500 (Picking Robot)   ;RS11-DX (Tote-to-Person)   ;M200C (Moving Robot)   ;F12ML (Moving Robot)   ;S20C-A-2 (Sorting Robot)   ;VEENY (VNA)   ;REACHY (Reach Truck)   ;LOWY CB (Counterbalanced Stacker)   ;LOWY (Stacker)   ;LOWY HD (Stacker)   ;LTX 50 iGo (Tugger)   ;EXV iGo (Stacker)   ;FM-X iGo (Reach Truck)   ;MX-X iGo (VNA)   ;AXV 12 iGo (Pallet Truck)   ;TRILATERAL LGV   ;REACH LGV   ;QUAD LGV   ;ELEPHANT LGV   ;UNICORN LGV   ;ATL   ;JayBoT   ;ATLIS 3000   ;Counterbalance   ;Mouse and Mole (AGCs)   ;Core Tow Tractor (AGF)   ;CB18 (AGF)   ;M10 Tug Autonomous Vehicle (AV)   ;ML2 Mini Load Autonomous Vehicle (AV)   ;MiR250   ;MiR600   ;MiR1350   ;MiR1200 Pallet Jack   ;ONE (All-Rounder)   ;OCF (Counterbalanced Forklift)   ;ODM (for small load carriers)   ;OFL (Omnidirectional Free-Lift)   ;OPS (Platform Shuttle)   
Weight capacity;;200kg;4535 kg (towing)   ;5800 kg   ;600 kg   ;30 kg   ;200 kg   ;1400 kg   ;20 kg   ;1500 kg   ;1600 kg   ;1600 kg   ;1200 kg   ;1600 kg   ;Up to 5 tons (towing)   ;N/A;N/A;N/A;1200 kg   ;1600 kg   ;3 tons   ;4 tons   ;5000 kg   ;5 tons   ;2720 kg   ;1200 lbs;454 kg   ;4530 kg;Up to 4400 lbs (towing)   ;Up to 10000 lbs (towing)   ;Up to 4000 lbs   ;Up to 2200 lbs   ;440 lbs   ;250 kg   ;600 kg   ;1350 kg   ;1200 kg   ;1000 kg   ;1500 kg   ;300 kg   ;800 kg   ;1500 kg   
Max Speed;;2m/s;1.02 m/s   ;N/A;2 m/s   ;1.5 m/s   ;1.5 m/s   ;1.2 m/s   ;2.5 m/s   ;Up to 2 m/s   ;Up to 2 m/s   ;Up to 2 m/s   ;Up to 2 m/s   ;Up to 2 m/s   ;1.7 m/s   ;2 m/s   ;1.7 m/s   ;2 m/s (inductive)   ;2 m/s   ;1.5 m/s   ;1.5 m/s   ;1.5 m/s   ;1.5 m/s   ;N/A;1.8 m/s   ;1.8 m/s;1.8 m/s;2.0 m/s;1.67 MPH   ;4 MPH   ;6.7 MPH   ;1.9 MPH   ;4 MPH   ;2 m/s   ;2 m/s   ;1.2 m/s   ;1.5 m/s   ;1.4 m/s   ;1.4 m/s   ;1.4 m/s   ;1.4 m/s   ;1.9 m/s   
Min aisle width;;1,4m;N/A;N/A;N/A;N/A;N/A;2400 mm   ;N/A;1.8 m   ;2.9 m   ;N/A;2.7 m   ;2.9 m   ;N/A;N/A;N/A;N/A;2,480 mm   ;1.5 m   ;N/A;N/A;N/A;N/A;N/A;N/A;N/A;N/A;N/A;N/A;N/A;N/A;N/A;80 cm   ;N/A;N/A;N/A;1.6 m   ;2.1 m   ;1.0 m   ;1.6 m   ;1.6 m   
Max lift height;;15m;N/A;>9 m   ;60 mm   ;10,765 mm   ;N/A;120 mm   ;N/A;17 m   ;11 m   ;4 m   ;3 m   ;3 m   ;N/A;3.8 m   ;10 m   ;14 m   ;1.8 m   ;17 m   ;12 m   ;N/A;6.5 m   ;9 m   ;2.5 m   ;N/A;10 cm   ;7.6 m;N/A;N/A;176 in   ;N/A;N/A;N/A;N/A;N/A;N/A;0.62 m   ;1.6 m   ;0.25 m   ;1.2 m   ;100 mm   
Temperature range;;5°C-20°C;0°-40°C   ;-25°C   ;-10°C (for cold chain)   ;-10°C (for cold chain)   ;-10°C (for cold chain)   ;-10°C (for cold chain)   ;-10°C (for cold chain)   ;N/A;N/A;N/A;N/A;N/A;>0°C, <40°C   ;>0°C, <40°C   ;>0°C, <40°C   ;>0°C, <40°C   ;>0°C, <40°C   ;5°-40°C   ;5°-40°C   ;5°-40°C   ;5°-40°C   ;5°-40°C   ;-23°C to 43°C;5°-35°C;N/A;-23°C to 43°C;0-40°C;0-40°C   ;0-40°C   ;0-40°C   ;0-40°C   ;0°-40°C   ;5°-40°C   ;5°-40°C   ;5°-40°C   ;0°-40°C   ;0°-40°C;0°-40°C   ;0°-40°C   ;0°-40°C   
Humdity range;;30%-60%;0-95% non-condensing   ;N/A;N/A;N/A;N/A;N/A;N/A;N/A;N/A;N/A;N/A;N/A;Low humidity, non-condensing   ;Low humidity, non-condensing   ;Low humidity, non-condensing   ;Low humidity, non-condensing   ;Low humidity, non-condensing   ;10-95% non-condensing   ;10-95% non-condensing   ;10-95% non-condensing   ;10-95% non-condensing   ;10-95% non-condensing   ;N/A;30%-80%;N/A;N/A;35-85% non-condensing;35-85% non-condensing   ;35-85% non-condensing   ;35-85% non-condensing   ;35-85% non-condensing   ;10-95% non-condensing   ;10-95% non-condensing   ;20-95% non-condensing   ;20-95% non-condensing   ;5-90% non-condensing   ;5-90% non-condensing;5-90% non-condensing   ;5-90% non-condensing   ;5-90% non-condensing   
Clean room;;yes/no;N/A;N/A;N/A;N/A;N/A;N/A;N/A;N/A;N/A;N/A;N/A;N/A;N/A;N/A;N/A;N/A;N/A;N/A;N/A;N/A;N/A;N/A;N/A;N/A;N/A;N/A;N/A;N/A;N/A;N/A;N/A;Yes (MiR250 optional)   ;N/A;N/A;N/A;N/A;N/A;N/A;N/A (ESD protection available)   ;N/A
Safety;;"PlD Lidar; Bumper; no safety (restricted zoning)";"Strict compliance with international standards; No collisions; Zero damage to loads   ";"Strict compliance with international standards; No collisions; Zero damage to loads   ";"2D obstacle detection; Autonomous obstacle avoidance; CE; ETL; FCC   ";"2D obstacle detection; Autonomous obstacle avoidance; CE; ETL; FCC   ";"2D obstacle detection; Autonomous obstacle avoidance; CE; ETL; FCC   ";"2D obstacle detection; Autonomous obstacle avoidance; CE; ETL; FCC   ";"2D obstacle detection; Autonomous obstacle avoidance; CE; ETL; FCC   ";"Smart 360° safety; PL-D safety sensors; ISO 3691-4; ISO 13849   ";"Smart 360° safety; PL-D safety sensors; ISO 3691-4; ISO 13849   ";"Smart 360° safety; PL-D safety sensors; ISO 3691-4; ISO 13849   ";"Smart 360° safety; PL-D safety sensors; ISO 3691-4; ISO 13849   ";"Smart 360° safety; PL-D safety sensors; ISO 3691-4; ISO 13849   ";"Personal protection systems; 360° truck monitoring   ";"Personal protection systems; 360° truck monitoring   ";"Personal protection systems; 360° truck monitoring   ";"Personal protection systems; 360° truck monitoring   ";"Personal protection systems; 360° truck monitoring   ";Proximity Laser Scanner (PLS) devices (360° detection)   ;Proximity Laser Scanner (PLS) devices (360° detection)   ;Proximity Laser Scanner (PLS) devices (360° detection)   ;Proximity Laser Scanner (PLS) devices (360° detection)   ;Proximity Laser Scanner (PLS) devices (360° detection)   ;"360° obstacle detection; Safety Rated Lasers; Warning lights   ";"360° obstacle detection; Safety Rated Lasers; Warning lights";"Laser bumpers; E-Stop buttons   ";360° obstacle detection;"Laser obstacle scanner; SEnS+ Smart Environment Sensor   ";"Laser-based navigation; 360-degree field of view   ";"Laser-based navigation; 360-degree field of view   ";Laser-based navigation   ;Laser-based navigation   ;"Sensors and cameras; Integrated collision detection; ISO3691-4; 13 TÜV certified safety features   ";"Sensors and cameras; Integrated collision detection; ISO3691-4; 13 TÜV certified safety features   ";"Sensors and cameras; Integrated collision detection; ISO3691-4; 13 TÜV certified safety features   ";"Sensors and cameras; Integrated collision detection; ISO3691-4; 13 TÜV certified safety features   ";"Safety laser scanner; Obstacle avoidance sensors; 360° protection field   ";"Safety laser scanner; Obstacle avoidance sensors; 360° protection field   ";"Safety laser scanner; Obstacle avoidance sensors; 360° protection field   ";"Safety laser scanner; Obstacle avoidance sensors; 360° protection field   ";"Safety laser scanner; Obstacle avoidance sensors; 360° protection field   "
Autocharge;;Docking Station, Inductive Charging, none;N/A;N/A;N/A;N/A;N/A;N/A;N/A;N/A;N/A;N/A;N/A;N/A;N/A;N/A;N/A;N/A;N/A;Yes - Auto / Manual Charging   ;Yes - Auto / Manual Charging   ;Yes - Auto / Manual Charging   ;Yes - Auto / Manual Charging   ;Yes - Auto / Manual Charging   ;N/A;Yes (at opportunity charge station);N/A;N/A;Yes - Automatic Charging System   ;Yes - Automatic Charging System   ;Yes - Automatic Charging System   ;Yes - Automatic Charging System   ;Yes - Automatic Charging System   ;N/A;N/A;N/A;N/A;Yes - 3 min charging = 1 hr operation   ;Yes - 3 min charging = 1 hr operation   ;Yes - 3 min charging = 1 hr operation   ;Yes - 3 min charging = 1 hr operation   ;Yes - 3 min charging = 1 hr operation   
Infrastructure needed;;"Reflectors; Floor guidance; VNA wire; special racking; very flat floors; none";N/A;N/A;"QR Codes on the floor; Floor markings   ";"QR Codes on the floor; Floor markings   ";"QR Codes on the floor; Floor markings   ";"QR Codes on the floor; Floor markings   ";"QR Codes on the floor; Floor markings   ";None (infrastructure-free navigation)   ;None (infrastructure-free navigation)   ;None (infrastructure-free navigation)   ;None (infrastructure-free navigation)   ;None (infrastructure-free navigation)   ;N/A;N/A;N/A;N/A;N/A;N/A;N/A;N/A;N/A;N/A;N/A;N/A;N/A;N/A;Magnetic Tape Guidance (some models)   ;None (LiDAR models)   ;None (LiDAR models)   ;None (LiDAR models)   ;None (LiDAR models)   ;None (sensors and cameras)   ;None (sensors and cameras)   ;None (sensors and cameras)   ;None (sensors and cameras)   ;None (uses contours of surroundings)   ;None (uses contours of surroundings)   ;None (uses contours of surroundings)   ;None (uses contours of surroundings)   ;None (uses contours of surroundings)   
Outdoor compatibility;;"yes; limited; no";N/A;N/A;No - Indoor use only   ;No - Indoor use only   ;No - Indoor use only   ;No - Indoor use only   ;No - Indoor use only   ;No - Indoor use only;No - Indoor use only;No - Indoor use only;No - Indoor use only;No - Indoor use only;No   ;No   ;No   ;No   ;No   ;N/A;N/A;N/A;N/A;N/A;N/A;N/A;N/A;N/A;N/A;N/A;N/A;N/A;N/A;No - Indoor use only   ;No - Indoor use only   ;No - Indoor use only   ;No - Indoor use only   ;N/A;Limited - Covered, protected outdoor areas;N/A;N/A;N/A
Manual Productive Usage;;"no; limited; full manual usage possible";N/A;N/A;N/A;N/A;N/A;N/A;N/A;Yes - dual driving mode   ;Yes - dual driving mode   ;Yes - dual driving mode   ;Yes - dual driving mode   ;Yes - dual driving mode   ;Yes - dual operation possible   ;Yes - dual operation possible   ;Yes - dual operation possible   ;Yes - dual operation possible   ;Yes - dual operation possible   ;N/A;N/A;N/A;N/A;N/A;N/A;N/A;N/A;N/A;N/A;N/A;N/A;N/A;N/A;N/A;N/A;N/A;N/A;N/A;N/A;N/A;N/A;N/A
Process;;"Goods to Person; Commissioning; Replenishment; Production line fulfilment";"Piece/Case/Pallet Handling; Picking; Transport; Storage; Receiving; Shipping   ";"Piece/Case/Pallet Handling; Picking; Transport; Storage; Receiving; Shipping   ";"Shelf-to-Person; Tote-to-Person; Pallet-to-Person; Sorting; Intralogistics   ";"Shelf-to-Person; Tote-to-Person; Pallet-to-Person; Sorting; Intralogistics   ";"Shelf-to-Person; Tote-to-Person; Pallet-to-Person; Sorting; Intralogistics   ";"Shelf-to-Person; Tote-to-Person; Pallet-to-Person; Sorting; Intralogistics   ";"Shelf-to-Person; Tote-to-Person; Pallet-to-Person; Sorting; Intralogistics   ";"Pallet movement; High-bay storage; Horizontal applications; Tugger applications   ";"Pallet movement; High-bay storage; Horizontal applications; Tugger applications   ";"Pallet movement; High-bay storage; Horizontal applications; Tugger applications   ";"Pallet movement; High-bay storage; Horizontal applications; Tugger applications   ";"Pallet movement; High-bay storage; Horizontal applications; Tugger applications   ";"Transport tasks; Loading and unloading; Production supply/disposal   ";"Transport tasks; Loading and unloading; Production supply/disposal   ";"Transport tasks; Loading and unloading; Production supply/disposal   ";"Transport tasks; Loading and unloading; Production supply/disposal   ";"Transport tasks; Loading and unloading; Production supply/disposal   ";Transport from entry of raw materials to warehouse and shipments   ;Transport from entry of raw materials to warehouse and shipments   ;Transport from entry of raw materials to warehouse and shipments   ;Transport from entry of raw materials to warehouse and shipments   ;Transport from entry of raw materials to warehouse and shipments   ;"Material transportation; Trailer loading/unloading   ";"Material transportation; Raw material delivery; Finished goods transport   ";"Material transportation; Raw material delivery; Finished goods transport   ";"Material transportation; Raw material delivery; Finished goods transport   ";"Automate Receiving; Material Transportation; Storage; Picking; Shipping   ";"Automate Receiving; Material Transportation; Storage; Picking; Shipping   ";"Automate Receiving; Material Transportation; Storage; Picking; Shipping   ";"Automate Receiving; Material Transportation; Storage; Picking; Shipping   ";"Automate Receiving; Material Transportation; Storage; Picking; Shipping   ";"Internal transportation; Towing carts; Lifting/transporting shelves or pallets   ";"Internal transportation; Towing carts; Lifting/transporting shelves or pallets   ";"Internal transportation; Towing carts; Lifting/transporting shelves or pallets   ";"Internal transportation; Towing carts; Lifting/transporting shelves or pallets   ";"Transporting pallets; Racking & stacking; Production line fulfilment   ";"Transporting pallets; Racking & stacking; Production line fulfilment   ";"Transporting pallets; Racking & stacking; Production line fulfilment   ";"Transporting pallets; Racking & stacking; Production line fulfilment   ";"Transporting pallets; Racking & stacking; Production line fulfilment   "
Integration with WMS;;yes/no;Yes - with higher-level ERP and MES   ;Yes - with higher-level ERP and MES   ;Yes - with iWMS, WES, ERP   ;Yes - with iWMS, WES, ERP   ;Yes - with iWMS, WES, ERP   ;Yes - with iWMS, WES, ERP   ;Yes - with iWMS, WES, ERP   ;Yes - with WMS/ERP interface   ;Yes - with WMS/ERP interface   ;Yes - with WMS/ERP interface   ;Yes - with WMS/ERP interface   ;Yes - with WMS/ERP interface   ;N/A;N/A;N/A;N/A;N/A;Yes - with ERP   ;Yes - with ERP   ;Yes - with ERP   ;Yes - with ERP   ;Yes - with ERP   ;Yes - with WMS, ERP, MES, PLCs   ;Yes - with WMS, ERP, MES, PLCs   ;Yes - with WMS, ERP, MES, PLCs   ;Yes - with WMS, ERP, MES, PLCs   ;Yes - Liaison Fleet Management Software integrates with WMS   ;Yes - Liaison Fleet Management Software integrates with WMS   ;Yes - Liaison Fleet Management Software integrates with WMS   ;Yes - Liaison Fleet Management Software integrates with WMS   ;Yes - Liaison Fleet Management Software integrates with WMS   ;N/A;N/A;N/A;N/A;Yes - with WMS, ERP, MES via API   ;Yes - with WMS, ERP, MES via API   ;Yes - with WMS, ERP, MES via API   ;Yes - with WMS, ERP, MES via API   ;Yes - with WMS, ERP, MES via API   
Integration with Conveyors;;yes/no;Yes   ;Yes   ;N/A;N/A;N/A;N/A;N/A;Yes   ;Yes   ;Yes   ;Yes   ;Yes   ;N/A;N/A;N/A;N/A;N/A;Yes   ;Yes   ;Yes   ;Yes   ;Yes   ;Yes   ;Yes   ;Yes   ;Yes   ;N/A;N/A;N/A;N/A;N/A;Yes   ;Yes   ;Yes   ;Yes   ;Yes   ;Yes   ;Yes   ;Yes   ;Yes   
Stoarage Features;;stock lane, conveyor, stacking, destacking, rack, push back rack, double deep, gravity racks;"Block-stacking; Deep-stacking; Racking (VNA, wide aisle, drive-in)   ";"Block-stacking; Deep-stacking; Racking (VNA, wide aisle, drive-in)   ";"Racks; Totes; Pallets; High-density storage   ";"Racks; Totes; Pallets; High-density storage   ";"Racks; Totes; Pallets; High-density storage   ";"Racks; Totes; Pallets; High-density storage   ";"Racks; Totes; Pallets; High-density storage   ";"High-bay storage; Stacking; Racks   ";"High-bay storage; Stacking; Racks   ";"High-bay storage; Stacking; Racks   ";"High-bay storage; Stacking; Racks   ";"High-bay storage; Stacking; Racks   ";"Wide-aisle warehouses; Block warehouses; High-rack, narrow-aisle   ";"Wide-aisle warehouses; Block warehouses; High-rack, narrow-aisle   ";"Wide-aisle warehouses; Block warehouses; High-rack, narrow-aisle   ";"Wide-aisle warehouses; Block warehouses; High-rack, narrow-aisle   ";"Wide-aisle warehouses; Block warehouses; High-rack, narrow-aisle   ";"Selective storage; Drive-in; Easy Storage; Block-store   ";"Selective storage; Drive-in; Easy Storage; Block-store   ";"Selective storage; Drive-in; Easy Storage; Block-store   ";"Selective storage; Drive-in; Easy Storage; Block-store   ";"Selective storage; Drive-in; Easy Storage; Block-store   ";"Push back rack; Select rack; Drive in rack; Block stack storage   ";"Push back rack; Select rack; Drive in rack; Block stack storage   ";"Push back rack; Select rack; Drive in rack; Block stack storage   ";"Push back rack; Select rack; Drive in rack; Block stack storage   ";N/A;N/A;N/A;N/A;N/A;"Shelves; Pallets   ";"Shelves; Pallets   ";"Shelves; Pallets   ";"Shelves; Pallets   ";"Racking; Stacking; Elevated stations   ";"Racking; Stacking; Elevated stations   ";"Racking; Stacking; Elevated stations   ";"Racking; Stacking; Elevated stations   ";"Racking; Stacking; Elevated stations   "
Load types;;"standard pallets; special loads; box; individual boxes; individual heavy parts; big bags";"Pallets; Products and materials; Rolls   ";"Pallets; Products and materials; Rolls   ";"Totes; Racks; Pallets; Boxes; Individual heavy parts   ";"Totes; Racks; Pallets; Boxes; Individual heavy parts   ";"Totes; Racks; Pallets; Boxes; Individual heavy parts   ";"Totes; Racks; Pallets; Boxes; Individual heavy parts   ";"Totes; Racks; Pallets; Boxes; Individual heavy parts   ";"Open and closed pallets; Standard pallets; Custom load carriers   ";"Open and closed pallets; Standard pallets; Custom load carriers   ";"Open and closed pallets; Standard pallets; Custom load carriers   ";"Open and closed pallets; Standard pallets; Custom load carriers   ";"Open and closed pallets; Standard pallets; Custom load carriers   ";N/A;N/A;N/A;N/A;N/A;"Standard pallets; Large heavy rolls; Paper reels   ";"Standard pallets; Large heavy rolls; Paper reels   ";"Standard pallets; Large heavy rolls; Paper reels   ";"Standard pallets; Large heavy rolls; Paper reels   ";"Standard pallets; Large heavy rolls; Paper reels   ";"Pallets; Containers; Slip sheets; Finished goods; Raw material   ";"Pallets; Containers; Slip sheets; Finished goods; Raw material   ";"Carts; Pallets; Totes; Custom loads   ";"Pallets; Containers; Slip sheets; Finished goods; Raw material   ";"Carts; Pallets; Totes; Custom loads   ";"Carts; Pallets; Totes; Custom loads   ";"Carts; Pallets; Totes; Custom loads   ";"Carts; Pallets; Totes; Custom loads   ";"Carts; Pallets; Totes; Custom loads   ";"Carts; Shelves; Pallets; Custom goods   ";"Carts; Shelves; Pallets; Custom goods   ";"Carts; Shelves; Pallets; Custom goods   ";"Carts; Shelves; Pallets; Custom goods   ";"Euro pallet; Industrial pallet; Half pallet; Closed pallet; Boxes; Dollies; Custom load carriers   ";"Euro pallet; Industrial pallet; Half pallet; Closed pallet; Boxes; Dollies; Custom load carriers   ";"Euro pallet; Industrial pallet; Half pallet; Closed pallet; Boxes; Dollies; Custom load carriers   ";"Euro pallet; Industrial pallet; Half pallet; Closed pallet; Boxes; Dollies; Custom load carriers   ";"Euro pallet; Industrial pallet; Half pallet; Closed pallet; Boxes; Dollies; Custom load carriers   "
Company application description and key strenghts;;Builds AGVs mainly for pallet applications, focusing on transporting standard pallets mainly. Very digital mindsets, with openness to integrate in all kinds of other IT systems. The AGVs can be used in manual and are especially good at high heights and narrow aisles.;"Comprehensive intralogistics systems and technologies; Lifecycle services; Modernizations and upgrades; Strong partner with extensive experience   ";"Comprehensive intralogistics systems and technologies; Lifecycle services; Modernizations and upgrades; Strong partner with extensive experience   ";"Global leader in mobile robotics; Fast ROI (1-3 years); Quick implementation (1-3 months); High productivity (200-300% increase); Flexible and reliable   ";"Global leader in mobile robotics; Fast ROI (1-3 years); Quick implementation (1-3 months); High productivity (200-300% increase); Flexible and reliable   ";"Global leader in mobile robotics; Fast ROI (1-3 years); Quick implementation (1-3 months); High productivity (200-300% increase); Flexible and reliable   ";"Global leader in mobile robotics; Fast ROI (1-3 years); Quick implementation (1-3 months); High productivity (200-300% increase); Flexible and reliable   ";"Global leader in mobile robotics; Fast ROI (1-3 years); Quick implementation (1-3 months); High productivity (200-300% increase); Flexible and reliable   ";"Pioneering infrastructure-free navigation; Partnership with OEM forklift manufacturers (Linde, Hyster-Yale); Dual driving mode   ";"Pioneering infrastructure-free navigation; Partnership with OEM forklift manufacturers (Linde, Hyster-Yale); Dual driving mode   ";"Pioneering infrastructure-free navigation; Partnership with OEM forklift manufacturers (Linde, Hyster-Yale); Dual driving mode   ";"Pioneering infrastructure-free navigation; Partnership with OEM forklift manufacturers (Linde, Hyster-Yale); Dual driving mode   ";"Pioneering infrastructure-free navigation; Partnership with OEM forklift manufacturers (Linde, Hyster-Yale); Dual driving mode   ";"Customized solutions; Uses automated versions of standard production trucks; Dual-mode operation; Scalable   ";"Customized solutions; Uses automated versions of standard production trucks; Dual-mode operation; Scalable   ";"Customized solutions; Uses automated versions of standard production trucks; Dual-mode operation; Scalable   ";"Customized solutions; Uses automated versions of standard production trucks; Dual-mode operation; Scalable   ";"Customized solutions; Uses automated versions of standard production trucks; Dual-mode operation; Scalable   ";"Pioneering integrated solutions since 1980; Strong focus on food, beverage, and tissue sectors; End-to-end automation; Over 9000 LGVs installed worldwide   ";"Pioneering integrated solutions since 1980; Strong focus on food, beverage, and tissue sectors; End-to-end automation; Over 9000 LGVs installed worldwide   ";"Pioneering integrated solutions since 1980; Strong focus on food, beverage, and tissue sectors; End-to-end automation; Over 9000 LGVs installed worldwide   ";"Pioneering integrated solutions since 1980; Strong focus on food, beverage, and tissue sectors; End-to-end automation; Over 9000 LGVs installed worldwide   ";"Pioneering integrated solutions since 1980; Strong focus on food, beverage, and tissue sectors; End-to-end automation; Over 9000 LGVs installed worldwide   ";"Provides solutions for demanding material handling challenges (e.g., freezers, hospitals, trailer loading); Unified software platform (mōt.OS); Over 35 years of experience   ";"Provides solutions for demanding material handling challenges (e.g., freezers, hospitals, trailer loading); Unified software platform (mōt.OS); Over 35 years of experience   ";"Provides solutions for demanding material handling challenges (e.g., freezers, hospitals, trailer loading); Unified software platform (mōt.OS); Over 35 years of experience   ";"Provides solutions for demanding material handling challenges (e.g., freezers, hospitals, trailer loading); Unified software platform (mōt.OS); Over 35 years of experience   ";"Full-line solutions provider with trusted equipment; Focus on reliability, durability, and safety; Evolutionary approach with new technologies   ";"Full-line solutions provider with trusted equipment; Focus on reliability, durability, and safety; Evolutionary approach with new technologies   ";"Full-line solutions provider with trusted equipment; Focus on reliability, durability, and safety; Evolutionary approach with new technologies   ";"Full-line solutions provider with trusted equipment; Focus on reliability, durability, and safety; Evolutionary approach with new technologies   ";"Full-line solutions provider with trusted equipment; Focus on reliability, durability, and safety; Evolutionary approach with new technologies   ";"Pure-play AMR specialist; Versatile solutions for internal transportation; Easy to use and implement (""Plug & Perform""); Rapid payback (1-2 years); Can be equipped for cleanrooms and ESD environments   ";"Pure-play AMR specialist; Versatile solutions for internal transportation; Easy to use and implement (""Plug & Perform""); Rapid payback (1-2 years); Can be equipped for cleanrooms and ESD environments   ";"Pure-play AMR specialist; Versatile solutions for internal transportation; Easy to use and implement (""Plug & Perform""); Rapid payback (1-2 years); Can be equipped for cleanrooms and ESD environments   ";"Pure-play AMR specialist; Versatile solutions for internal transportation; Easy to use and implement (""Plug & Perform""); Rapid payback (1-2 years); Can be equipped for cleanrooms and ESD environments   ";"X-SWARM Technology (decentralized intelligence); Omnidirectional movement for maximum flexibility; Fast implementation (""Plug & Perform""); Offers solutions for various load types and heights   ";"X-SWARM Technology (decentralized intelligence); Omnidirectional movement for maximum flexibility; Fast implementation (""Plug & Perform""); Offers solutions for various load types and heights   ";"X-SWARM Technology (decentralized intelligence); Omnidirectional movement for maximum flexibility; Fast implementation (""Plug & Perform""); Offers solutions for various load types and heights   ";"X-SWARM Technology (decentralized intelligence); Omnidirectional movement for maximum flexibility; Fast implementation (""Plug & Perform""); Offers solutions for various load types and heights   ";"X-SWARM Technology (decentralized intelligence); Omnidirectional movement for maximum flexibility; Fast implementation (""Plug & Perform""); Offers solutions for various load types and heights   "
;;;;;;;;;;;;;;;;;;;;;;;;;;;;;;;;;;;;;;;;;;
;;;;;;;;;;;;;;;;;;;;;;;;;;;;;;;;;;;;;;;;;;
;;;;;;;;;;;;;;;;;;;;;;;;;;;;;;;;;;;;;;;;;;
;;;;;;;;;;;;;;;;;;;;;;;;;;;;;;;;;;;;;;;;;;
;;;;;;;;;;;;;;;;;;;;;;;;;;;;;;;;;;;;;;;;;;
;;;;;;;;;;;;;;;;;;;;;;;;;;;;;;;;;;;;;;;;;;
;;;;;;;;;;;;;;;;;;;;;;;;;;;;;;;;;;;;;;;;;;
;;;;;;;;;;;;;;;;;;;;;;;;;;;;;;;;;;;;;;;;;;
;;;;;;;;;;;;;;;;;;;;;;;;;;;;;;;;;;;;;;;;;;
;;;;;;;;;;;;;;;;;;;;;;;;;;;;;;;;;;;;;;;;;;
;;;;;;;;;;;;;;;;;;;;;;;;;;;;;;;;;;;;;;;;;;
;;;;;;;;;;;;;;;;;;;;;;;;;;;;;;;;;;;;;;;;;;
;;;;;;;;;;;;;;;;;;;;;;;;;;;;;;;;;;;;;;;;;;
;;;;;;;;;;;;;;;;;;;;;;;;;;;;;;;;;;;;;;;;;;
;;;;;;;;;;;;;;;;;;;;;;;;;;;;;;;;;;;;;;;;;;
;;;;;;;;;;;;;;;;;;;;;;;;;;;;;;;;;;;;;;;;;;
;;;;;;;;;;;;;;;;;;;;;;;;;;;;;;;;;;;;;;;;;;
;;;;;;;;;;;;;;;;;;;;;;;;;;;;;;;;;;;;;;;;;;
;;;;;;;;;;;;;;;;;;;;;;;;;;;;;;;;;;;;;;;;;;
;;;;;;;;;;;;;;;;;;;;;;;;;;;;;;;;;;;;;;;;;;
;;;;;;;;;;;;;;;;;;;;;;;;;;;;;;;;;;;;;;;;;;
;;;;;;;;;;;;;;;;;;;;;;;;;;;;;;;;;;;;;;;;;;
;;;;;;;;;;;;;;;;;;;;;;;;;;;;;;;;;;;;;;;;;;
;;;;;;;;;;;;;;;;;;;;;;;;;;;;;;;;;;;;;;;;;;
;;;;;;;;;;;;;;;;;;;;;;;;;;;;;;;;;;;;;;;;;;
;;;;;;;;;;;;;;;;;;;;;;;;;;;;;;;;;;;;;;;;;;
;;;;;;;;;;;;;;;;;;;;;;;;;;;;;;;;;;;;;;;;;;
;;;;;;;;;;;;;;;;;;;;;;;;;;;;;;;;;;;;;;;;;;
;;;;;;;;;;;;;;;;;;;;;;;;;;;;;;;;;;;;;;;;;;
;;;;;;;;;;;;;;;;;;;;;;;;;;;;;;;;;;;;;;;;;;
;;;;;;;;;;;;;;;;;;;;;;;;;;;;;;;;;;;;;;;;;;
;;;;;;;;;;;;;;;;;;;;;;;;;;;;;;;;;;;;;;;;;;
;;;;;;;;;;;;;;;;;;;;;;;;;;;;;;;;;;;;;;;;;;
;;;;;;;;;;;;;;;;;;;;;;;;;;;;;;;;;;;;;;;;;;
;;;;;;;;;;;;;;;;;;;;;;;;;;;;;;;;;;;;;;;;;;
;;;;;;;;;;;;;;;;;;;;;;;;;;;;;;;;;;;;;;;;;;
;;;;;;;;;;;;;;;;;;;;;;;;;;;;;;;;;;;;;;;;;;
;;;;;;;;;;;;;;;;;;;;;;;;;;;;;;;;;;;;;;;;;;
;;;;;;;;;;;;;;;;;;;;;;;;;;;;;;;;;;;;;;;;;;
;;;;;;;;;;;;;;;;;;;;;;;;;;;;;;;;;;;;;;;;;;
;;;;;;;;;;;;;;;;;;;;;;;;;;;;;;;;;;;;;;;;;;
;;;;;;;;;;;;;;;;;;;;;;;;;;;;;;;;;;;;;;;;;;
;;;;;;;;;;;;;;;;;;;;;;;;;;;;;;;;;;;;;;;;;;
;;;;;;;;;;;;;;;;;;;;;;;;;;;;;;;;;;;;;;;;;;
;;;;;;;;;;;;;;;;;;;;;;;;;;;;;;;;;;;;;;;;;;
;;;;;;;;;;;;;;;;;;;;;;;;;;;;;;;;;;;;;;;;;;
;;;;;;;;;;;;;;;;;;;;;;;;;;;;;;;;;;;;;;;;;;
;;;;;;;;;;;;;;;;;;;;;;;;;;;;;;;;;;;;;;;;;;
;;;;;;;;;;;;;;;;;;;;;;;;;;;;;;;;;;;;;;;;;;
;;;;;;;;;;;;;;;;;;;;;;;;;;;;;;;;;;;;;;;;;;
;;;;;;;;;;;;;;;;;;;;;;;;;;;;;;;;;;;;;;;;;;
;;;;;;;;;;;;;;;;;;;;;;;;;;;;;;;;;;;;;;;;;;
;;;;;;;;;;;;;;;;;;;;;;;;;;;;;;;;;;;;;;;;;;
;;;;;;;;;;;;;;;;;;;;;;;;;;;;;;;;;;;;;;;;;;
;;;;;;;;;;;;;;;;;;;;;;;;;;;;;;;;;;;;;;;;;;
;;;;;;;;;;;;;;;;;;;;;;;;;;;;;;;;;;;;;;;;;;
;;;;;;;;;;;;;;;;;;;;;;;;;;;;;;;;;;;;;;;;;;
;;;;;;;;;;;;;;;;;;;;;;;;;;;;;;;;;;;;;;;;;;
;;;;;;;;;;;;;;;;;;;;;;;;;;;;;;;;;;;;;;;;;;
;;;;;;;;;;;;;;;;;;;;;;;;;;;;;;;;;;;;;;;;;;
;;;;;;;;;;;;;;;;;;;;;;;;;;;;;;;;;;;;;;;;;;
;;;;;;;;;;;;;;;;;;;;;;;;;;;;;;;;;;;;;;;;;;
;;;;;;;;;;;;;;;;;;;;;;;;;;;;;;;;;;;;;;;;;;
;;;;;;;;;;;;;;;;;;;;;;;;;;;;;;;;;;;;;;;;;;
;;;;;;;;;;;;;;;;;;;;;;;;;;;;;;;;;;;;;;;;;;
;;;;;;;;;;;;;;;;;;;;;;;;;;;;;;;;;;;;;;;;;;
;;;;;;;;;;;;;;;;;;;;;;;;;;;;;;;;;;;;;;;;;;
;;;;;;;;;;;;;;;;;;;;;;;;;;;;;;;;;;;;;;;;;;
;;;;;;;;;;;;;;;;;;;;;;;;;;;;;;;;;;;;;;;;;;
;;;;;;;;;;;;;;;;;;;;;;;;;;;;;;;;;;;;;;;;;;
;;;;;;;;;;;;;;;;;;;;;;;;;;;;;;;;;;;;;;;;;;
;;;;;;;;;;;;;;;;;;;;;;;;;;;;;;;;;;;;;;;;;;
;;;;;;;;;;;;;;;;;;;;;;;;;;;;;;;;;;;;;;;;;;
;;;;;;;;;;;;;;;;;;;;;;;;;;;;;;;;;;;;;;;;;;
;;;;;;;;;;;;;;;;;;;;;;;;;;;;;;;;;;;;;;;;;;
;;;;;;;;;;;;;;;;;;;;;;;;;;;;;;;;;;;;;;;;;;
;;;;;;;;;;;;;;;;;;;;;;;;;;;;;;;;;;;;;;;;;;
;;;;;;;;;;;;;;;;;;;;;;;;;;;;;;;;;;;;;;;;;;
;;;;;;;;;;;;;;;;;;;;;;;;;;;;;;;;;;;;;;;;;;
;;;;;;;;;;;;;;;;;;;;;;;;;;;;;;;;;;;;;;;;;;
;;;;;;;;;;;;;;;;;;;;;;;;;;;;;;;;;;;;;;;;;;
;;;;;;;;;;;;;;;;;;;;;;;;;;;;;;;;;;;;;;;;;;
;;;;;;;;;;;;;;;;;;;;;;;;;;;;;;;;;;;;;;;;;;
;;;;;;;;;;;;;;;;;;;;;;;;;;;;;;;;;;;;;;;;;;
;;;;;;;;;;;;;;;;;;;;;;;;;;;;;;;;;;;;;;;;;;
;;;;;;;;;;;;;;;;;;;;;;;;;;;;;;;;;;;;;;;;;;
;;;;;;;;;;;;;;;;;;;;;;;;;;;;;;;;;;;;;;;;;;
;;;;;;;;;;;;;;;;;;;;;;;;;;;;;;;;;;;;;;;;;;
;;;;;;;;;;;;;;;;;;;;;;;;;;;;;;;;;;;;;;;;;;
;;;;;;;;;;;;;;;;;;;;;;;;;;;;;;;;;;;;;;;;;;
;;;;;;;;;;;;;;;;;;;;;;;;;;;;;;;;;;;;;;;;;;
;;;;;;;;;;;;;;;;;;;;;;;;;;;;;;;;;;;;;;;;;;
;;;;;;;;;;;;;;;;;;;;;;;;;;;;;;;;;;;;;;;;;;
;;;;;;;;;;;;;;;;;;;;;;;;;;;;;;;;;;;;;;;;;;
;;;;;;;;;;;;;;;;;;;;;;;;;;;;;;;;;;;;;;;;;;
;;;;;;;;;;;;;;;;;;;;;;;;;;;;;;;;;;;;;;;;;;