airtable_id,website,languages_spoken,export_capable,company_name,company_id,employee_count_range,country,Base Models,last_updated,hq_city,Products,fleet_size_vehicles,all_sites,email,service_coverage,founding_year,hq_address,certifications_generic,hq_maps_link,contact_person,phone
rec1ZqbEZI1N1xhER,https://ek-robotics.com,DE|EN|IT|+local,true,ek robotics,d97365dd-444b-47c8-a2f6-40c164b197bd,250–1000,DE,recftE9hKzrY0C1sx|rec5uVrli3rir5q5H|recxxuXSASPD3MX9z|recCoLgFCkQzgj31Y|recf70DHpfryYinZi|rec7bXxQfqhzplhwc|rechsTHGttzNhCp6G,2026-06-16,Hamburg,recD4giYBivH6oCr5|recgSihdzgVW9HI0K|rec2IUfk95Z2WJfCu|rec9xWFLoWit2EYTN|rec0aDuAd3Rjj0ASZ|rectuteRYBMxpIVUQ|recaVRWaNUTMx5b6c|recoBq8Fmpb0cDFLS|recMVGJxvyJhvpbFK|recRzJvKwyOXRk3vX|rec4rzCeWq3Wk32bV|recA8rFD4Xqb0nS3b|recr8JKtP8ckqCeva|recdB44mq761enREV,,,,,,,,,,
rec3kotWF4mpX7RTU,https://mobile-industrial-robots.com,EN|DE|ES|DK (+local),true,Mobile Industrial Robots A/S (MiR),acc9a753-1d6e-40f6-98ac-013981d9eaea,250–1000,DK,,2025-05-01,Odense,recXwKYIHmb6IhqSX|recC2LqUqEwPpnfA4|recRuuelHtm5sbvmq|rec6p6yzB3sPFh14S|rec2UVukgFrZ9nDeB|recJh6VpBf7pF9pAd|recT8iyRBRd8FM7It|recoszHbsDcBeFOLG|recHFGjs1oVUhtneB,"~10,000 robots deployed (2022)","HQ Odense (DK) | EU: Frankfurt (DE), Barcelona (ES) | US: San Diego, North Reading MA, Novi MI, Georgetown KY | APAC: Singapore, Yokohama, Seoul, Shanghai | ~220 distributors in 60 countries",(via contact form / regional sales),EU|Global,2013,"Emil Neckelmanns Vej 15F, 5220 Odense SØ, Denmark",ISO 3691-4|ISO 13849-1|UL 3100|CE,https://maps.google.com/?q=Emil+Neckelmanns+Vej+15F+5220+Odense+Denmark,(part of Teradyne Robotics),+45 reception (via website)
rec4U8V9R8zqmsUXE,https://www.elettric80.com,IT|EN|ES|DE,true,E80 Group S.p.A. (Elettric80),2c608686-f355-4add-8cab-b4dc908b9814,250–1000,IT,,2025-05-01,Viano,reczBwJBRd6hDm7c4|recjhG3pLc2zfWkT5|recXzSJ5hlaGq566a|recAlc4xa4qrup1x2|recnH3ITBGXrP0mc1|recYq2gEary73qL9U,verify (project-based; thousands of LGVs in FMCG),HQ Viano (IT) | E80 Group plants in Italy | North American ops (US) | subsidiaries worldwide for FMCG/beverage/tissue,elettric80@elettric80.it,EU|Global,1980,"Via Marconi 23, 42030 Viano (Reggio Emilia), Italy",ISO 9001|CE,https://maps.google.com/?q=Via+Marconi+23+42030+Viano+Reggio+Emilia+Italy,(sales via website),+39 0522 760011
rec6ZXJKuQT7vjuL8,https://www.guentner.de,DE|EN,true,Güntner GmbH & Co. KG,e3b155e7-8db4-40b6-90a5-9aa75a0d674e,1000–10000,DE,,2026-07-14,Fürstenfeldbruck,recwATOVffa9uIUed,,,,,,,,,,
rec6rUDyeGz1KEUZR,https://www.knapp.com,,,KNAPP AG,de43855f-0f27-4e11-8567-6fbc5989ad2b,,AT,recMiZJ9ZUkT2pUkk,,,rec87yYTnrxwaPx7s|recAVdbFctgVfTHak|recxfxvERSmDQzIOI|reca1GQFwaHE21i6l|recLnmxO0MRNQjWxx|recJnDsKXqXUyk66V,,,,,,,CE,,,
rec7yndnVdYy5eTUb,https://www.kivnon.com,ES|EN|DE|FR,true,KIVNON Logística S.L.,273b1859-a84a-46a4-ada2-bb40bb9d09ac,50–250,ES,recqpFA28t3kUNn0W|recK598n7LJRycRUX|recztKFCjIL71drbA|reclhZJiDrwLWaiDN|recsiflKW2A7lbcn0|reczpGk72pwX6R2D6|reco3lCov4PByJxQ8,2025-05-01,Barberà del Vallès,reccBLY9iW4QQRt2K|rec6RZNgNykFCpoJL|recscBzwEZ4jwJywP|recNxanyZi9KPsou0|recEcy5XFVnbJ0cg6|recYcysTwL4PFQQ7s|recr14QNE3J4m3pp5|recJG9UeqygYcDizI|recIfvAJu1RaFBX0q|recmf8Zcb8EwGLqRE|recSEt9VKXAfwW1GY|recuPx60HDTvZJgq4|rec16GpPl15rmvPyM|recgiflJFsp3CzuLF|recSKKwcURuzQ7Fs2|rec5z8ExkdkfmlpWQ|recPwogq4oY8RlXx3,verify (13+ yrs operation),HQ Barberà del Vallès / Barcelona (ES) | subsidiaries / partners in EU + Americas,info@kivnon.com,EU|Global,2009,"C/ Puig del Tudons 6, 08210 Barberà del Vallès (Barcelona), Spain",CE|TÜV|EU Machinery Directive 2006/42/EC,https://maps.google.com/?q=Carrer+Puig+del+Tudons+6+08210+Barbera+del+Valles+Barcelona+Spain,(sales via website),+34 937 19 21 39 (verify)
rec8FExjRRo6svtHS,https://www.staubli.com,,,Stäubli,16f491af-c18b-4150-aeab-ba022a33a8de,,,recCJq3CX4PJ8Wgtc|reci0hBts5UlsN4of,,,recvYeXA1tJU9MrDo|rec6Tk4j0bG0idH01|recPRYwuEwm1iBk4q|rec8JMIgCnSWXfD7E|recdhTWXqRxJEL1Lk|recHd7b0EYq4WALPy|recdpkK3cfvLvDzQl,,,,,,,CE,,,
rec8aaW4EIEDGlEe0,https://www.linde-mh.com,DE|EN|FR|+local,true,Linde Material Handling,8099078a-46a1-4848-b9f8-8592f7455f04,>1000,DE,recVDoo9fzpCL3B2h|recvLDRfcGzeph8TC|recxRTjzhb2gQS8Hc|recn39cbvZNtS0k8A|recMnPDBfdwk8C3I6|recOL5G6cCGsheeUf|recx1jCey4pUe55Fn,2026-06-16,Aschaffenburg,reclw8cUNcXvRhivV|reciyGeh0rnADM6OK|recVFJSFy3mQNmkbv|rec4vUCBGvD3cmlHQ|recrd7nL2NIJN93Tj|rec1LYS1VJxlfxmrB|recr27ZALy2fIoJEW|rec08IgXMSePQKs0O|recGkc7ZPQjkNkDeO|reccrWdXudV5YAo76|recOwYNex0xBasPU6|rec0Ymc9tS12ix0Nd|recSe3prlgvtLSzGY|recMbXkNS7zKmIMXu|rec6Q7aLI2cpckW8I|recXfVOyDLGBma0nV|recRwpZqdx6NzXpHI|recDLRUw53WbidObq,,,,,,,,,,
rec8blP7rKmtibWcx,https://www.oceaneering.com/mobile-robotics,,,Oceaneering Mobile Robotics,168e2985-7f3c-4ca7-b018-28b943aa8e1d,,US,,,Houston,recMbLLjK4yANcqqV|reca0ABBd5AOocuCQ|recVF2rebPvDJ8DSd|rec6zhk7G48cHRhyy|recpdVMhD5Odrp3sC|recfcRxcQIaJqdy3A,,,,,,,,,,
rec8puMCz7RojpCwA,https://www.hikrobotics.com,ZH|EN|+local,true,Hikrobot,348154cf-cd2a-4cea-88d5-c79f2b4d3bb8,>1000,CN,recDq316YNjiekeF9|reca925Of4jwe3pTZ|recSxyWJmHB7DsbVd|recYOsVJyYwQwL9a1|recAXDR5MOrG2gvMK|recTSF95HMjgbbJEL|reciNH2C7LWCgCSNZ|rec1k4PsnsvVXc7Qk|rec9lUF6ydnL5VEFH|recDIVgjzHMStkVNB|recaNEAqgxr84Kq5v|recchkAXalERHc20J|recsb5p7AYhWT4D01|recyiQ7wT3wfoJWHO|recByAF2z4AHfBxro|recmvSWuJV3lheZc1|recJ4j8IWv4pP4ZFa|recGKO4tOPFdA6zrI|recvw5TTWl8WDalae|rec1xzKXrGWQjE7Kp|recvX6DpxBQ2qTnDO|recqLu6gFtVbbW0N1|recEwYisoAWrFbhO9|recwtqI8ZXHqMQ2Lh|recj1FHon8zoeAynP|recn2yFmZgkkpVspV|recX8GJ3cbuAYWOg7|recQ8mivkoKhDk9qv|rechrOcWWAUlFKjix|recN1gJcy0p6usjy0|recym7bglQms1SxK2|rec07pcWvTRHn06XI|rec32LgT6GSQACqgC|recKZG7ecgZ2gPZAz|recJZH7jll0mOuOzh|recQSdHOxxAoTy1DR|recNnn8CPU8F4fSd8|recj8dKhGz8GBSxIv|rec8sdOpj0tTxk1iW|recDkK7wsKJx6xVLg|recKg5lwOZ3mpiOcs|recAyJIeYSgoSKSh2|rec87AGg4Y3EFhrUx|recJMlxlw6MIqdj9H|rec3grxh9z8yowH9h|recN8C963O2myhOwc|rec5AOB6isShPlyRO|rec3I69fS0DHZxA0G|reclQgPRP6BhU3Why|rec5KIVaiuAVbZbpq|recmGG5bq5FA9QZuX|recLZWh2R638zFsaH|recZBbU6NcZHLjepL|rec6oY8QLzKoC16NI|recha87IJ75UaKFXO|rec7RkpZ2w66HTvD7|recmXgV1bKn8cKoez|recn2H4jPiMfQdIiF|reclfqT1oP7TMoMKF|recO4sejQmTPHC78x|recXyJG4oRguQxa78|recMWhG6rcqDdioc9|rechYXbtTO4ByDOqb|recbsxqHFNwdzpAbf|recKYA7GPES5arER9|recjEofjwBvbR60l2|rec7Yc8urpem7Kv5C|recYu24H3pi3TooEj|rec2ejSKlcLfgIyoM|recinrGfFwdRkPoJN|recwLUdlo2jItMJgb|recgTZkyEetHOU4ru|recEWypQwQ5Vvhojs,2026-06-16,Hangzhou,recV7jCiGf0qnVPXi|recTUZMoqt7vmBjzK|rec66qWw2vewVocy4|recTcRPF4cV0c7vWi|recfwNCI8tzbSpPtU|recdyBvH9MMT2kie2|rec9AsznRkerzqrVy|recaXw0UX3UW8gGMr|recTU15WIPucbCLoc|recSKOe7cPWoZYNQD|recWjWhPjRNderPgX|recAInFF5k5QewN1v|recgWjVqNEpTtHUYL|recFEfJVtPPZtMfMX|reckcipVbYvSb3Hdm|reczJMqavdWe69Foc|rec3zAZBQvVDJWoiH|rec94Pn8uvIukPfl5|recMUWtYTirgMUjGf|recvcyq3S8AHbWcsM|recIdnGfoSVyAQIm2|recnWJRGhhO4kh3KD|rec36RtbqHfBt5pZV|rec83vyvzPZSWEAhN|recjsellHp0jWGX0s|recdhMtuQsR9AW0HA|recCV670VloamMKx7|recybwJ0X2lTzRuqE|recJq7O7w4R9KJIeg|recRoj14l8g8JKyB8|recfiFj88ILszdH1l|rec6jwcgYGQMnRodU|recYXa3DSt9cCaaGl|recRIp0HkahVKuSOD|recbQVJSASiyqrjSj|recaYPcG4QyZ12MzP|recFHaxnPLDoLP4W3|recZ3M1EwnvOQtzty|recSc6CdKCp2ZRqYj|recAtuP0bnL11axXw|rec1m5FgRi1nkjilv|recFIpZcidPIxatlj|recDwbdBIJb7Rk7hc|recvMOB8pj3FB2kiK|rec2I8uEQsuhrWiR4|rec5Xnv1ef4uaQxGw|rect7khzOmK3tDiNZ|recOS6DjZAcYOusV5|rec4S6ilZaI2uq2dc|recLXpeIfGwGnmVvN|receiE6u5g3rowvFT|receDzyP6XtozyJ31|rec9eAIUy7zzBJToq|recASnm7OLAh3BWzy|recSo6DB1znV2jx2K|rec3e9PxMuGAcPOuP|recoCzJ8U5904a3Iu|recM2C2FB39FlzzM2|recSuKKyO2nfkRP1h|recVtTboTWfNHLgAj|recl4e6dWdAuHvXJ9|recfOtKPu2HfJtC59|recvSasMVNSlblrWT|recMsPOycqLoIa3TR|recbRSBwLWeWNupLE|recb3TBtafSxKjihz|recfIa7IdtYYmc5ul|recgdjZT2U6ymCFTW|recWddHXVpWfIwJvf|rec6HeqGUNqbwcVgW|recjFr9c0IUIlYrrk|recEQ0wpgb5AG6lto|recobK95fSLfFozdM|recjnYXFwrOA3VBFs|recr9ok6i0lOOhvRt|recy3KYgDiNKlTWxt|rec5hBlq5T5WZntL0|recwLMP0AKy3IZ3Tl|recVvRckJyCjMIMua|recme9OpLiKnNVU5k|rec0Q0Wq8srkXwKRA|rec5hgeNOTKd02WlE|recMXuGcGpSONCOHn,,,,,2016,,CE,,,
recAt0MsnmNI40XJ6,https://www.geekplus.com,ZH|EN|DE|FR (+local),true,Geek+ (Geekplus Technology Co.),c22871a8-b1a1-4a34-b4ea-bb0c7d38bcdc,>1000,CN,reckiJPGK7CSqKpYc|rec60ypl6OBKhU8C0|recLQir0LqGEbgeh5|reczfO5uYbRmD2iVk|recAKRwvVTCmjQkcQ|recV11VZDaJgvUNkk|recbm0PWHw8fKWVro|recSbUdWDBAWlvdi5|recBRLRX7O1SE1Bev|rec70J4oSoyZWxvPh,2025-05-01,Beijing,recoPBGdnXYOXacbP|recHox6yL0KQF30I1|rec4WlUa1jurx6Zjb|recMFxzZMlriVMnHu|recdnqlAvLq45oHXs|reciZblQ7dNEVT7Xz|recDfmE56iPzd7NGI|recV1ZuwfTEwOIwSc|recp3wwBVefoBjwsb|recs6dIs5O7TaMMEX|recmbicmJy4sUt709|recnQBsrkLarKX5Eu|recjFjiwOGE3qQNHv|recFnQ4RbedtXGUyl|recb5SCrQR8Q6vM82|recbWjYrDa0fvWn6L|rec6l7hHHd9QYp1fr|rec308mo84Q3VzCIx|recwVsMZLvxT5lkVK|recFArbJyHX26ccaT|rec9TNEBPPY1SCark|recEWCnL1inidt25k|recPpqKjuqToEPFon|recWPN08FbdeBy5DI,7000+ robots (2019; substantially higher today — verify current),"HQ Beijing (CN) | Nanjing factory (CN) | EU offices: Germany, France, UK, Netherlands | US, Japan, Korea, SEA, Australia",info@geekplus.com (regional via website),EU|Global,2015,"8th-9th Floor, Building 5, GLP I-Park, Anxiang Street, Shunyi District, Beijing 101300, China",ISO 9001|CE (EU models),https://maps.google.com/?q=GLP+I-Park+Anxiang+Street+Shunyi+District+Beijing+China,Zheng Yong (Founder/CEO),(via regional offices)
recBp0jsgCvbubRbL,https://www.sew-eurodrive.com,,,SEW-EURODRIVE,1238466f-19c5-4b13-9da2-654ef22c7ceb,,DE,,,,recGPV6fxOcHJtpHf|recDC6W1kfFwnRwmp|recz5L2YBJZTWmysl|recWhlTEyoo2tbs6S|recB2gYNWYug4WeoB,,,,,,,,,,
recFnzzgpAvw62jDy,https://www.safelog.de,,,SAFELOG GmbH,3a1d230e-b818-46c1-a223-d780dc9fa51d,,DE,,,Markt Schwaben,rec2uouKhz5d0bS3d|recTOEXUfDv2RyNp7|recMOwYpMmQcEtCwm|recCqbYYLhrhJ8R12|reccvsiUfFx7ZgYfb|recqobxlZo2zBzBSb,,,,,,,CE,,,
recHszFON2kUfmtrV,https://addverb.com,,,Addverb,ce00bec8-85a8-4898-95ae-80aeea0e5c06,>1000,IN,rec2IxVgFs7bhMTk2|recayjxNo9mFYl6Ub|recrXfyPcY4b59zBp|recju95O7VcQgEMLD|recZPZvmZ5zKcoTS9|recxkXxTH7SjKYJJD|rec9JLzNECeDOrlH7|recXwAoxQ7NtvT4uV|recyB5tNNUOFn3AgJ|recAVdoGGnxU2gyR4|rec5ZEWeKgvayfBLN,2026-08-05,Noida,recrRGq3EuyWWk8Hk|recYZV9mSG3f0bIGi|recjlAjvoti9xLUwN|recbR3KfiTyspds0V|recd3nT6NLk6bj8Rs|recY32vlIk5N39119|rec4kDHDuiSBUAxnM|recErQ5fN3XNGLZ3I|rec26DGZPBcMMCu04|recrqExUG5Bn9YcB0|recY69yLHwua3yjUV,,,,,2016,"Addverb Bot-Valley, Plot No. 5, Sector-156, Phase-II, Noida, Uttar Pradesh 201310, India",,,,
recOSC9xMrIEHZsnb,https://idealworks.com,DE|EN,true,idealworks GmbH,015a5b00-361d-4985-9a9f-309e29561002,50–250,DE,,2025-05-01,Munich,recgqbxyuy5S4oxYS|recCDUxrJWkvlV2D2,verify (deployed at BMW plants + external),HQ Munich (DE) | BMW Group ecosystem | global pilots via AnyFleet partners,communications@idealworks.com,EU|Global,2020,"Riesstraße 22, 80992 Munich, Germany",CE|ISO 13849,https://maps.google.com/?q=Riesstrasse+22+80992+Munich+Germany,Jimmy Nassif (CTO); Michael Alexander Schneider (CEO),"+49 151 538 463 04 (CTO direct, verify general line)"
recOxIAGR6tkmh8Sc,https://www.still.de,DE|EN (+local),true,STILL GmbH,1b820a50-a542-49f5-ae1e-08b3a783ee6e,>1000,DE,recfnBIXSUFfBna0G|rec2KycgcfeEFvZwd|recdDBhefMEDpyVa1|rec3bynRrJuC7vurZ|recetn9BAbsQaags0|reco13jZ95a9bwIx1|reccbRh5nYT3jHEP3|recECchT8piYsJuRO|recazJEKv5GGT8uw0|recwbGrfpHBF9eBJ5|recQIOoCm7IMdC90k,2025-05-01,Hamburg,recF25qEvpTL0dMDA|recM9jb2bDGCIKT7n|recOKjuG0d3CM4QGb|reclbAYK4pM1lVUAv|recWToOh7NJUzzmZo|recYnxUBL1KpnvJF3|recfdraQR3Kpi2WcK|recJtrvNXm0f5feag|recWmLguPdQVb7EQh|rech4JDemmrZgK9sK|recoZXqTrI5H0DI3v|reco1fnoIbhRwf8Am|recxjUyEsy2XJXILJ|recOjOQ6ZDP9xblZI|recObZN40jBZXRjgp|recgfTMAWUz5WTzaf|rec3xZuxEc5fSnHTL|reciwnh7zxfpAhjhv|recn0Zg7I5ggNQwRT|recl9yJ9btmq1Mn8M|recAzNiHlC0Kvv82l,verify (KION brand; large installed base),"HQ Hamburg (DE) | Plants: Hamburg, Reutlingen, Luzern (CH) | KION Group brand | 200+ sales/service locations globally",info@still.de,EU|Global,1920,"Berzeliusstraße 10, 22113 Hamburg, Germany",ISO 9001|ISO 14001|CE,https://maps.google.com/?q=Berzeliusstrasse+10+22113+Hamburg+Germany,(customer service +49 40 7339 2000),+49 40 7339 2000
recXkgajy26wV7Pzx,https://seegrid.com,,,Seegrid,0b77d1f4-2ca4-4bf9-a779-a4d4d4b1d2d9,,US,recpc4rKaZOBIRNBE|recY745wYLK7j0ap5|reccixiOldlwHpPxj|rece6akUHJXTDpVic,2026-08-05,Pittsburgh,rec0yfW6xdpqSDgYk|recjNkAr8QSwtOZbw|recsXCwHxwzd04hUU|recjUjkIaVv3x6oWd,,,,,2003,"216 RIDC Park West Drive, Pittsburgh, PA 15275, USA",,,,
recZ6AePg6dVyUlBv,https://www.gideon.ai,,,Gideon Brothers,a9787aa3-2f86-4efa-a303-872ba2a4724c,,HR,rec8A4IjPfCxH9nlU|rec5qp2Chn7qvb0Y9,2026-08-05,Osijek,recjB8AXVkF7OPOjb|recfoKpB3Y8XDCJTB,,,,,2017,"Samacka 7, 31000 Osijek, Croatia",,,,
recbrD05wDmbCJJox,https://www.bitzer.de,DE|EN,true,BITZER SE,cee7600e-815e-44da-a28e-fc5c74596789,1000–10000,DE,,2026-07-14,Sindelfingen,recO0o8nTnxhyrdF3,,,,,,,,,,
reccYgYjiWKDCZrDt,https://www.grenzebach.com,DE|EN|+local,true,Grenzebach Maschinenbau GmbH,e85db937-ef1c-4c6a-8672-75dee87d26cc,>1000,DE,recx8rTY23da58UAX,2026-06-16,Hamlar,recpAiRQghmnSvZCo|rec5VgErvHkq3gLya|recyMxl97RQuPImPf|recM3FyoFEqa0iaUR,,,,,,,,,,
receHK0TwbfKpgoWJ,https://robotics.omron.com,EN|+local,true,Omron Mobile Robotics,1d190179-eb42-4a8a-bd6f-7350ee2b7d59,>1000,US,recEqDUZ5Tls93mPD,2026-06-16,Pleasanton,rec292jmvk1mUTP2z|recdzAzN70KE9BGG2|recSg3JojuMr6FgZy|recBo0OThLh3bxU2W|recD8uVxaZSqBxGJh|recRmEXoKMX7Bi2p5|recNbOUpi6JQGdjlR|recT7ZirzvddCisSG,,,,,,,,,,
recekfXPZRcWV7So0,,,,Enabled Robotics ApS,7c55c4de-2d24-48df-ae76-f321cc6c9e1e,,DK,rec3wDsp527CTf2eJ|reccnfAvA3yIKy0KF,2026-08-24,Odense SØ,recEnznLyxuJY6CiT|recSNut1rFCUS4AQj,,,,,,,,,,
recg8JqRuX6phGJer,https://www.hairobotics.com,,,HAI Robotics,e473cdba-a5ac-4089-9bb3-17f15e53915f,,CN,recXBWmUWysfHi2je|rec854kZaH6fc7e58|rec5YJQLLXBIEPtCX|reccdw6S5VuDvg0Of|recQT6S6qY1FcNYKp|reckVxDO9MectLdFb|recb9fpHwom3bTRkb|recvPdC5DmRJhgNvl,2026-08-05,Shenzhen,recLNXreczL9psUw5|rec0OP2zMQob4Zvwl|recEs0xFfVhTq2Riv|rec1B6sO6BE536bEg|recZSL3BmeY7p0Ui4|recm1ncevPwhditm6|recCRjm3eMNWvDVvI|recjZtCRzXokiaDxF,,,,,2016,,,,,
recgCK3D2eGnr02MB,https://www.magazino.eu,,,Magazino,3b6f03b6-38a0-4c7b-b313-be91e26a386d,50–250,DE,recs96PhLFU5YEods|recKJqwShVF9ncq4S,2026-08-05,Munich,recG1rYp5XAZkJpwB|rec0peTMquYl6BKaA,,,,,2014,"Landsberger Str. 234, 80687 Munich, Germany",CE,,,
rechR7nCyahFKTAMp,https://www.gea.com,DE|EN,true,GEA Refrigeration Technologies,ecf315f7-e586-49d6-b114-35f6b29a0d40,10000+,DE,,2026-07-14,Düsseldorf,reciWbkfHHUstsHnA,,,,,,,,,,
recjVkDGpP36pQokQ,https://www.ds-automotion.com,DE|EN,true,DS Automotion GmbH,459fc7a1-01b9-4269-98ee-1d5667bec183,250–1000,AT,recOZRi9E2pusKzLW|recXZxkAOiLE6T95C|rec5CfBym9pxvkSVx|rec5RgM2gaNybDehF|recfh4jWOXa6uCQFc|rec8zY21zPMVdGgE1|rec9IMSdG4Unnlte3|recE8PH3y4kfs8AuR|recxid8f1Ir3M5p5Y|recI7YS6S12O06ixr|recHJ4MvoOUGxpoPZ|recp05yoZHxjmmq2M|recWGstUi6TddD3TN|rec8HS3eAvI8AYAQ8|recthFT7H9feXiDqH|rechwQ53dBKQFz1iE|recOknsEPQIu4WsPL|recTtuxBh1j59fR8b|recIpaYMshXNO7Pd4,2025-05-01,Linz,recnbAB6leRubMaAn|reckMaoTZHzPe4hlL|receYcHGJdM6EoDTj|recQgQpH0BgDF71lA|recXGEd8bUTkwFAyU|rec2umRTNef76xAOh|recwuC1rFEVtZ78DB|recFKLDACN4I4BJmN|recRivnQqGn3gYdJQ|recZDAcArVmeM5sxp|rec01r83BKFPGXYj4|recHhzgkWTAYXlu3y|recHsVEyPaO27KDV4|recPpkrIiGiQdZ1UR|recooMLYU5hdXXN7t|recf7TPCKdonpdOVB|reckrPx3cNsjSqVeM|reckOgzwebrLFqv36|recMVsChwMpNQG3Lw|recWnqUoTsi66apto|recOalDyslLTMjZ8a|reczR3ReXIRS4xjzK|rechDUvrirLzXLq84|recIo9Zk8AT2YX5O3,6000+ vehicles delivered,HQ Linz (AT) | DS Automotion GmbH Germany (Wals/Salzburg region) | part of SSI Schäfer Group since 2023 (verify),office@ds-automotion.com,EU|Global,1984,"Lunzerstraße 60, 4030 Linz, Austria",CE|ISO 9001 (verify)|VDA 5050 ready,https://maps.google.com/?q=Lunzerstrasse+60+4030+Linz+Austria,(sales via website),+43 732 90 96 0
recjfvPS6rpvUpcKt,https://www.greyorange.com,,,GreyOrange,99b5c20f-b8f7-47d5-a642-83399590d644,,US,,,,rectX7NVIXzqyknfn|recZ6Lzu6XnlxZY91|rec6kM0iPNVjbji05|recOBZ1oftoR4UfJ2,,,,,,,,,,
reck9mB0hzWs4tHYB,https://www.mlr.de,,,MLR System GmbH,ff920698-a0f9-48ee-b2c9-c268084bf4ae,,DE,,,,recU85zHdhcA5nF7C|recgD0ZK9EDjVYcU7|recpHbENKVJ2wEByQ,,,,,,,,,,
recoAvZXd1iBbz0KJ,https://www.jungheinrich.com,DE|EN (+local subsidiaries),true,Jungheinrich AG,9495f9f6-f45a-45fc-b32f-b004fff0ea32,>1000,DE,recXIVpvciu9iE911|recGRxYR08ibxQpLV|recXnu2JEoYT3SUmc|recabljrgq3qGiFyo|rec72KRQ6gfzEB0Qe,2025-05-01,Hamburg,recqVCl4gxJRYxzha|recEvMTQC5Gi6NeGp|recRyTidRAmDaCODd|recPwIYuTG4wbOyLX|rec9f9eIJso42yw80|recZ9aiU7TN2okMjj|recN2Ty53NhifVrfk|recZgrHPCITpJI08T|recYLyc4kI2mGeWVQ|recGFITrlQ4PBtXH2|recs9VYTX7xiS5y8p|recdVzrwsnyO01rAh|rec5pSZVLhKClBMUk,verify (large; AGV portfolio EKS/ERC/EKX widely installed),"HQ Hamburg (DE) | Plants: Norderstedt, Moosburg, Landsberg, Lüneburg, Degernpoint (DE) | Rocrich AGV JV (US) | 40+ country subsidiaries",info@jungheinrich.de,EU|Global,1953,"Friedrich-Ebert-Damm 129, 22047 Hamburg, Germany",ISO 9001|ISO 14001|CE,https://maps.google.com/?q=Friedrich-Ebert-Damm+129+22047+Hamburg+Germany,(sales via regional offices),+49 40 6948 0
recoyLjc5lkqQQtKL,https://ottomotors.com,,,OTTO Motors (Rockwell Automation),66b5f06c-facd-4d64-8c36-f521f84f565d,,US,,,,recJI9UvHqnYkjznr|recgDWUl09HO2luTV|recEAhw44Kp3Il1bN|recPnPju29c5Lje4V|recLyhQ1HmByZOjur|recDFPUOb6yt5jCE6,,,,,,,,,,
recpZFvdNU0ZQpyOr,https://vecnarobotics.com,,,Vecna Robotics,85df08e3-5905-4d37-acba-1a80aee0899f,,US,recwp11ySCACm2pdJ|recGakXqVdzWjtMiT|rec4asw2Ok6WAWDJF|recpiaX2ddqV1Y39K,2026-08-05,Waltham,recMvyBLmUIriuH3n|recmEJUGxmfw3Ekoo|recnKggHVKfM6tgMQ|rec9yDrKTVLXuOP2p,,,,,2018,"425 Waverley Oaks Road, Waltham, MA 02452, USA",,,,
recpyJUHIF3IrIj3I,https://www.balyo.com,EN|FR|DE,true,Balyo,ca89caed-f181-48b7-b9e5-c52299ba52d7,50–250,FR,,2025-05-01,Arcueil,recBnlfL3B8iN4Pk0|rechzvvBe2lPK0HPA|recudHiD0Hr6vFWt7|recsa41VyLfwCxQMM|rectDGFHnuugivHVD|recwqHi3tcaj5CifK,1500+ robots / 25+ countries,"HQ Arcueil (FR) | Moissy-Cramayel site (Prologis, Parc de Chanteloup, 2 RD 57, Bât 2, 77550) | Boston (US) | Singapore (10 Sunview Rd, Level 6, 627617)",investors@balyo.com (general: via book-a-call),EU|Global,2005,"74 Av. Vladimir Ilitch Lénine, 7th floor, 94110 Arcueil, France",CE (all devices),https://maps.google.com/?q=74+Avenue+Vladimir+Ilitch+Lenine+94110+Arcueil+France,Pascal Rialland (CEO/Chairman),+33 1 55 26 43 00 (verify)
recqURrzWQCNcvx5y,https://www.alstefgroup.com,FR|EN|+local,true,BA Systèmes,f30dee00-4bc4-4053-8adb-95f34fd3f93b,50–250,FR,,2026-06-16,Mordelles,recpXuTPk1WhEDMBn|recMNiweXmFRYYMMA|recACMx2GlxYY7wWL|recJi7YiOMXJO835n|recuVDsgfU2ffU2OH|recllor0QKpCLXVyM|recSTkyTmQMzfTIK5|recMMOvhlyYEj4vuv,,,,,,,,,,
recrURiXPGQx791dP,https://en.youibot.com,,,Youibot,8f68b75e-73e6-41e5-97ed-3b30b8d6b1bc,250–1000,CN,recWuUoohL6lfDfWK|recoJuzB2aoJX8pT3|recNzAZTEmUXZuWmR|recUwHbLydNXiC33h|recMMKI0mgd4fFPit|rec0aEywdLlapoN8m|recAkgTVq27OrhWOi|rec1NeWGIy9sJJzw1|reclYeSsbmYSXJVAb|recdMR2U7lQmvhHlC|rec3Bk78zCUV8bLlB|rec5oDgiEfxlu9rpZ,2026-08-05,Shenzhen,rec0ibhCeymhVEX8d|recEhGJiF1dNMKpKS|recYTfAuQjpyFH4Bo|recoETlUZLwBO2R9O|recslF2KcuV4YWbhi|recqcNgB1E4mKws6B|recoY8Y4uepTSu8bm|recRTuEKzCc7QnBRG|recheXwmnnhNBvXrK|recZV9WIIan1jljsk|recTqXewb98AyUgjb|recRt3M6imqxRYxZS,,,,,2017,,,,,
rectYrWRwWs22ow5U,https://rocla-agv.com,,,Rocla,92b08042-93fb-4ba9-9632-1372c28ae0ab,250–1000,FI,reczyoY7Y1tFHCmBI|rec4oC0AYCkLJ0cJe|recfH4x09oFtD7u06|recdmvfYBourhbyNG|recYoQCvphMFRp6pr|recs2yoRwzUbT0FTL|recw3h04zZ5oETStS|recEHGDIyAKCd98Be|rec2wLMkmb7vjAUJ4,2026-08-05,Järvenpää,recj8sN5ziyOwR7xi|reckRd2qBXHJlfndJ|rec9X1TPcHCrS0fLF|recZne9Ygrnq7TCLB|recCEHRO1AzLe1vEK|rechqbGVMMzUto1c4|reczh9O7gRKhE0Hp7|recSs4p19WZWpsthQ|recJaHPZJ0di6KTxr,,,,,,,,,,
recukyJanezH7UdIk,https://www.visionnav.com,,,VisionNav Robotics,8a33a229-866b-494e-8564-5860ce998ff1,,CN,recD2PZgeLUMx6LdG|reciQb55Spd8aogfa|recD5UNmHG00rB66A|recqi3iMa3WiaD5dM|recssfAku7LKmmbUL|recbrL0fNVgwKoJjN|recy8aC4oE0DqhZuz|recp1D01P7Ug4iYVw|recoyKwIMVTVSzJq5|recFqnFgDL59Fj4R1|recZbpKYFLCl8bAE8|recCSxQ4l7yjn1qry,,Shenzhen,rec5utZr8VI47oi9J|receEbW22WooBZAEk|recq7Z5SDdy8uWe01|recmAHYsYDT0oEutc|recBBqUSZt8j1X0G7|rec0JL0NAukuveYN2|recO8eV2Fst3p8QB7|recGWtG0eHga4TSdm|recBGZDPLiPVBIoMH|recJFSPBhYlG3A0AG|rec1ZqlTiFr4tEVfD|reckMEw3mYKxs0SaF|recCzV6KVphBGolxG|receklrVCS6XhZ67Q|reclDFUDR0D8VyLKQ|recBEPWRvHGYVdgXL|recvqCgQlBeeRDSqK|recmdWNzGY4fdbzGK|recQcIRt2vWqQMKyp|recjiclUIQ0XcoMJ0|rec2pdtFaaPu5hbPe|recLiSNSbRDdn6hty|recCLFeO07LJjo3sq|recsA0NVGwoZGYSD9|reckjem1Qu6Q7NsSP|recWV8j0IzDJ6gscY|recC2hjeTHIRDbpFo|rech7GBFRjEiqT7L1,,,,,,,CE,,,
recxPqJCeWxlTqf4V,https://www.toyota-forklifts.eu,EN|DE|FR|IT|+local,true,Toyota Material Handling Europe,8c571e4a-e67b-452f-bd79-a7fcdda97e8f,>1000,SE,recUqbAIMl7dwUBJy,2026-06-16,Mjölby,recUttBqAMV9Zybsh|recneFhfHDihotcvg|rec3LAWOnptQyA0Qd|recY9E9FYs1A9a1R1|recrVOMCBBGrwfcHw|recSOWm3vTMO6zFrH|recMIsLkeDqtHXZWX|recV3ly644zoi7vVp,,,,,,,,,,
reczTC0zu3eDGWybk,https://www.movu-robotics.com,EN|NL|FR|+local,true,Movu Robotics,b19d2426-a6b0-4fdf-b3d8-7f3aaf30894a,250–1000,BE,,2026-06-16,Lokeren,recJ3iujQEbOuQDiS|reccdsLJCfTfvtqVF|recGizdd9YCk4hF6M|recUTeUVTzXVQim0h,,,,,,,,,,
reczVbLhhjMOYTRDU,https://www.agilox.net,DE|EN,true,AGILOX Services GmbH,789cda05-b82b-4344-9a26-97fffc4cb6dd,50–250,AT,,2025-05-01,Marchtrenk,recBBPj1oeWxUa6Ch|recqmpzQYXj49tdXb|recVWnyfxbA3dcqQF|recHipEfxgszrikac|recVkWQ82Rbq7mpqj|recPCc8hyuhhfqRv9,2000+ AMRs deployed,HQ Marchtrenk (AT) | AGILOX North America Inc (US) | AGILOX Germany | EU sales partners,office@agilox.net,EU|Global,2017,"Eggendorf 14, 4614 Marchtrenk, Austria (verify exact)",CE|ISO 3691-4 (verify),https://maps.google.com/?q=AGILOX+Marchtrenk+Austria,(sales via website),+43 7243 21100 (verify)
